Age,TTh,ATh,TAP,MAAT,FI,MIRI,PI,AADTT, pass Sieve 200 subgrade, pass Sieve 200 base_subbase,PCI
6.92,160,76.2,1156.699951,4.400000095,616,0.8,,,,,90.37
8.15,160,76.2,1186.199951,2.799999952,775,1.1,,,,,87.42
10.16,160,76.2,1322,2.900000095,820,1.16,,,,,70.87
11.96,160,76.2,1501,3.5,1012,1.55,,,,,66.27
13,304.8,78.7,248.5,1.6,2132,0.833999991,,,,,77.49
15.01,304.8,78.7,271.2999878,0.100000001,2487,0.93,,,,,73.46
16.77,304.8,78.7,307.1000061,1.4,2615,1.2,,,,,68.22
19,304.8,78.7,337.1000061,1.6,2658,1.72,,,,,43.83
20.8,304.8,78.7,342.7000122,4.1,2751,1.98,,,,,38.69
26.71,304.8,78.7,344.6000061,1.1,3369,2.12,,,,,18.42
5.66,342.9,86.4,1597.099976,2.099999905,520,1.3,,,,,69.46
6.89,342.9,86.4,1869.5,3,537,1.557000041,,,,,64.81
8.9,342.9,86.4,2222.600098,4.5,578,1.6,,,,,66.47
10.71,342.9,86.4,2426,3.5,734,1.7,,,,,50.83
12.9,342.9,86.4,2792.100098,4.699999809,857,1.71,,,,,50.36
13.62,342.9,86.4,2997,3.799999952,1208,1.75,,,,,43.29
20.67,304.8,96.5,361.1000061,1.299999952,922,0.89,6,274,6.3,6.4,81.15
21.92,304.8,96.5,434.6000061,2.200000048,1127,1.53,6,233,6.3,6.4,64.38
23.91,304.8,96.5,509.5,3.5,1673,1.71,6,184,6.3,6.4,54.48
25.08,307.4,210.8,381,6.900000095,165,0.83,,,,,90.68
28.07,307.4,210.8,394,7.599999905,195,1.35,,,,,57.2
25.08,287.1,208.3,381,6.900000095,165,0.83,,,,,90.68
28.07,287.1,208.3,394,7.599999905,195,1.35,,,,,57.2
31.18,287.1,208.3,394,7.099999905,247,1.78,,,,,31.34
33.28,287.1,208.3,440,7.300000191,248,1.98,,,,,25.29
34,287.1,208.3,481,8,297,2.81,,,,,8.85
25.08,452.1,215.9,380.7000122,6.900000095,165,0.827000022,,,,,89.37
28.07,452.1,215.9,394.3999939,7.599999905,195,1.35,,,,,55.13
31.18,452.1,215.9,394,7.099999905,247,1.78,,,,,31.34
33.27,452.1,215.9,440,7.300000191,248,1.98,,,,,25.9
34,452.1,215.9,481,8,297,2.89,,,,,9.19
35.13,452.1,215.9,517,7.699999809,297,3.01,,,,,9.02
25.08,363.2,213.4,381,6.900000095,165,0.81,,,,,93.91
28.07,363.2,213.4,394,7.599999905,195,1.21,,,,,65.65
31.16,363.2,213.4,394.3999939,7.099999905,247,1.77,,,,,30.34
33.27,363.2,213.4,440.4,7.300000191,248,1.97,,,,,26.9
34,363.2,213.4,480.7999878,8,262,3.09,,,,,8.87
35.13,363.2,213.4,516.7999878,7.699999809,297,3.08,,,,,7.9
36.16,363.2,213.4,537.5,7.900000095,351,3.09,,,,,6.1
25.08,282,101.6,381,6.900000095,165,0.91,,,,,88.5
28.07,282,101.6,394,7.599999905,195,1.21,,,,,53.98
31.18,282,101.6,394.3999939,7.099999905,247,1.76,,,,,32.3
33.28,282,101.6,440.3999939,7.300000191,248,1.96,,,,,27.9
34,282,101.6,480.7999878,8,262,3.09,,,,,8.13
35.13,282,101.6,516.7999878,7.699999809,297,3.2,,,,,7.98
36.16,282,101.6,537.5,7.900000095,351,3.8,,,,,6.4
25.08,284.5,101.6,381,6.900000095,165,0.88,,,,,94.07
28.07,284.5,101.6,394,7.599999905,195,1.21,,,,,51.62
31.16,284.5,101.6,394.3999939,7.099999905,247,1.77,,,,,30.55
33.27,284.5,101.6,440.3999939,7.300000191,248,1.98,,,,,25.9
34,284.5,101.6,480.7999878,8,262,2.99,,,,,8.3
35.13,284.5,101.6,516.7999878,7.699999809,297,3.09,,,,,7.77
36.16,284.5,101.6,537.5,7.900000095,351,3.1,,,,,6.3
25.08,279.4,213.4,381,6.900000095,165,0.81,,,,,96.34
28.07,279.4,213.4,394,7.599999905,195,1.18,,,,,63.28
25.08,162.56,205.7,381,6.900000095,165,0.83,,,,,89.37
28.07,162.56,205.7,394,7.599999905,195,1.35,,,,,57.2
31.18,162.56,205.7,394.3999939,7.099999905,247,1.78,,,,,32.55
33.27,162.56,205.7,440.3999939,7.300000191,248,1.98,,,,,25.9
34.13,162.56,205.7,480.7999878,8,262,2.89,,,,,8.73
35.13,162.56,205.7,516.7999878,7.699999809,297,3.1,,,,,7.46
36.17,162.56,205.7,537.5,7.900000095,351,3.21,,,,,6.09
25.08,162.56,200.7,381,6.900000095,165,0.77,,,,,100
28.07,162.56,200.7,394,7.599999905,195,1.22,,,,,65.65
31.18,162.56,200.7,394.3999939,7.099999905,247,1.79,,,,,35.66
33.28,162.56,200.7,440.3999939,7.300000191,248,1.99,,,,,23.9
34.14,162.56,200.7,480.7999878,8,262,2.89,,,,,8.73
35.13,162.56,200.7,516.7999878,7.699999809,297,3.01,,,,,7.3
36.17,162.56,200.7,537.5,7.900000095,351,3.55,,,,,6.2
25.08,162.56,200.7,381,6.900000095,165,0.77,,,,,100
28.07,162.56,200.7,394,7.599999905,195,1.22,,,,,65.65
31.18,162.56,200.7,394.3999939,7.099999905,247,1.77,,,,,30.55
33.28,162.56,200.7,440.3999939,7.300000191,248,1.98,,,,,24.8
34.14,162.56,200.7,480.7999878,8,262,2.77,,,,,9.73
35.13,162.56,200.7,516.7999878,7.699999809,297,3.02,,,,,7.6
36.17,162.56,200.7,537.5,7.900000095,351,3.66,,,,,6.1
25.08,162.56,200.7,381,6.900000095,165,0.77,,,,,100
28.07,162.56,200.7,394,7.599999905,195,0.82,,,,,87.05
31.18,162.56,200.7,394.3999939,7.099999905,247,1.78,,,,,32.1
33.29,162.56,200.7,440.3999939,7.300000191,248,1.99,,,,,23.8
34.14,162.56,200.7,480.7999878,8,262,2.89,,,,,8.76
35.13,162.56,200.7,516.7999878,7.699999809,297,3.2,,,,,7.52
36.17,162.56,200.7,537.5,7.900000095,351,3.4,,,,,6.4
25.08,162.56,200.7,381,6.900000095,165,0.76,,,,,100
28.07,162.56,200.7,394,7.599999905,195,1.22,,,,,65
33.29,162.56,200.7,440,7.300000191,247,1.98,,,,,24.2
34.14,162.56,200.7,481,8,248,2.91,,,,,8.88
35.13,162.56,200.7,517,7.699999809,297,3.5,,,,,7.8
36.18,162.56,200.7,538,7.900000095,351,3.8,,,,,6.3
25.08,162.56,200.7,381,6.900000095,165,0.78,,,,,95.52
28.07,162.56,200.7,394,7.599999905,195,0.82,,,,,88.59
31.18,162.56,200.7,394.3999939,7.099999905,247,1.77,,,,,34.2
33.29,162.56,200.7,440.3999939,7.300000191,248,1.98,,,,,25.9
34.14,162.56,200.7,480.7999878,8,262,2.91,,,,,8.9
35.13,162.56,200.7,516.7999878,7.699999809,297,2.99,,,,,7.23
36.18,162.56,200.7,537.5,7.900000095,351,3.6,,,,,6.2
25.08,162.56,200.7,381,6.900000095,165,0.76,,,,,100
28.07,162.56,200.7,394,7.599999905,195,1.22,,,,,65.6
31.18,162.56,200.7,394.3999939,7.099999905,247,1.79,,,,,35.3
33.29,162.56,200.7,440.3999939,7.300000191,248,2.01,,,,,24.9
34.14,162.56,200.7,480.7999878,8,262,2.92,,,,,8.6
35.13,162.56,200.7,516.7999878,7.699999809,297,3.01,,,,,7.24
36.18,162.56,200.7,537.5,7.900000095,351,3.4,,,,,6.1
11.64,734.1,116.8,279.6000061,11.19999981,88,1.611999989,,,,,21.06
14.71,734.1,116.8,262.5,11.10000038,187,1.76,,,,,14.71
11.64,734.1,137.2,279.6000061,11.19999981,88,1.8,,,,,22.23
14.71,734.1,137.2,262.5,11.10000038,187,1.81,,,,,13.71
11.64,734.1,116.8,279.6000061,11.19999981,88,1.8,,,,,22.23
14.57,734.1,116.8,262.5,11.10000038,187,1.85,,,,,11.3
11.64,734.1,116.8,279.6000061,11.19999981,88,1.87,,1043,,,22.32
14.57,734.1,116.8,262.5,11.10000038,187,1.89,,450,,,9.01
11.64,734.1,132.1,279.6000061,11.19999981,88,1.79,,,,,21.23
14.71,734.1,132.1,262.5,11.10000038,187,1.82,,,,,13.71
16.59,144.78,137.2,359.7999878,9.800000191,145,1.7,,,,,58.87
20.08,144.78,137.2,438.8999939,8.600000381,265,2.11,,,,,13.2
21.54,144.78,137.2,455.7999878,9.5,320,2.78,,,,,11.6
23.84,144.78,137.2,461,10.10000038,383,2.91,,,,,10.45
24.93,144.78,137.2,536,9.800000191,444,3.01,,,,,5.43
16.59,132.08,132.1,359.7999878,9.800000191,145,1.7,,,,,58.87
20.08,132.08,132.1,438.8999939,8.600000381,265,2.12,,,,,12.3
21.54,132.08,132.1,455.7999878,9.5,320,2.78,,,,,11.6
23.84,132.08,132.1,461,10.10000038,383,2.91,,,,,10.45
24.93,132.08,132.1,536,9.800000191,444,3.01,,,,,5.43
9.2,734.1,116.8,262.5,9.300000191,222,1.01,,,,,72.63
9.85,734.1,116.8,262.5,9.300000191,222,0.99,,,,,74.45
10.12,734.1,116.8,223.1999969,10.5,253,1.31,,,,,64.9
10.04,563,218.4,261.6000061,10.30000019,124,0.89,,,,,87.26
14.24,563,218.4,284.7000122,10,176,1.32,,,,,63.68
15.96,563,218.4,293.2999878,11.30000019,231,1.89,,,,,27.38
18.92,563,218.4,353.1000061,11.69999981,263,2.09,,,,,13.2
5.07,792.5,149.8,232,6.9,365,0.7,0,446,8.8,5.6,100
5.87,792.5,149.8,319.7000122,6.8,446,0.77,0,492,8.8,5.6,95.23
9.95,792.5,149.8,429,7.1,532,0.78,0,760,8.8,5.6,93.91
11.83,792.5,149.8,476,7.099999905,566,0.81,0,450,8.8,5.6,92.73
13.87,792.5,149.8,352.2000122,7,637,0.81,0,530,8.8,5.6,92.73
17.05,792.5,149.8,239.1000061,7.2,652,1.32,0,597,8.8,5.6,71.49
18.82,792.5,149.8,326.8999939,7.3,759,1.38,0,644,8.8,5.6,68.33
4.15,520.7,101.6,199.8000031,9.800000191,139,0.8,,,,,93.91
9.04,520.7,101.6,229.8999939,10,158,0.8,,,,,93.91
10.9,520.7,101.6,231,10.10000038,192,0.81,,,,,92.75
12.82,520.7,101.6,238.1999969,9.800000191,293,0.9,,,,,80.7
17.88,520.7,101.6,446.1000061,10,401,1.2,,,,,65
4.15,520.7,109.2,199.8000031,9.800000191,139,0.8,,,,,92.73
9.04,520.7,109.2,229.8999939,10,158,0.8,,,,,92.73
10.9,520.7,109.2,231,10.10000038,192,0.8,,,,,92.73
12.82,520.7,109.2,238.1999969,9.800000191,293,0.9,,,,,80.7
17.88,520.7,109.2,446.1000061,10,401,1.14,,,,,66
4.15,520.7,109.2,199.8000031,9.800000191,139,0.8,,,,,93.91
9.04,520.7,109.2,229.8999939,10,158,0.83,,,,,90.01
10.9,520.7,109.2,231,10.10000038,192,0.83,,,,,89.66
12.82,520.7,109.2,238.1999969,9.800000191,293,0.9,,,,,80.69
17.88,520.7,109.2,446.1000061,10,401,1.12,,,,,68
4.15,520.7,106.7,199.8000031,9.800000191,139,0.81,,,,,93.91
9.04,520.7,106.7,229.8999939,10,158,0.81,,,,,93.91
10.9,520.7,106.7,231,10.10000038,192,0.81,,,,,92.73
12.82,520.7,106.7,238.1999969,9.800000191,293,0.9,,,,,80.69
17.88,520.7,106.7,446.1000061,10,401,1.12,,,,,68
5.07,134.6,137.1,232,7.199999809,365,0.8,,,,,95.23
5.87,134.6,137.1,319.7000122,6.800000191,446,0.8,,,,,92.73
9.95,134.6,137.1,326.8999939,7.300000191,532,1.00999999,,,,,84.48
11.83,134.6,137.1,352.2000122,7.099999905,566,1.35,,,,,92.73
13.88,134.6,137.1,429.8999939,7,637,0.88,,,,,91.66
18.82,134.6,137.1,476.6000061,6.900000095,652,0.89,,,,,88.94
5.07,134.6,134.6,232,7.199999809,365,0.82,,,,,92.73
5.87,134.6,134.6,319.7000122,6.800000191,446,0.82,,,,,92.73
9.95,134.6,134.6,326.8999939,7.300000191,532,0.82,,,,,92.73
11.83,134.6,134.6,352.2000122,7.099999905,566,0.85,,,,,91.66
13.87,134.6,134.6,429.8999939,7,637,0.85,,,,,90.68
18.82,134.6,134.6,476.6000061,6.900000095,652,0.89,,,,,88.94
5.07,134.6,134.6,232,7.199999809,365,0.8,,,,,95.23
5.87,134.6,134.6,319.7000122,6.800000191,446,0.82,,,,,93.91
9.95,134.6,134.6,326.8999939,7.300000191,532,0.83,,,,,92.73
11.83,134.6,134.6,352.2000122,7.099999905,566,0.83,,,,,92.73
13.88,134.6,134.6,429.8999939,7,637,0.84,,,,,91.66
18.82,134.6,134.6,476.6000061,6.900000095,652,0.88,,,,,90.68
5.07,134.6,137.1,232,7.199999809,365,0.8,,,,,95.23
5.87,134.6,137.1,319.7000122,6.800000191,446,0.81,,,,,93.82
9.95,134.6,137.1,326.8999939,7.300000191,532,0.82,,,,,92.11
11.83,134.6,137.1,352.2000122,7.099999905,566,0.83,,,,,91.59
13.88,134.6,137.1,429.8999939,7,637,0.84,,,,,90.69
18.82,134.6,137.1,476.6000061,6.900000095,652,0.9,,,,,88.5
17.78,233.7,269.2,180.3999939,9.899999619,180,1.38,,,,,68.33
22.83,233.7,269.2,254.8000031,9.300000191,230,1.66,,,,,31.29
24.87,233.7,269.2,266.7999878,8.899999619,291,1.66,,,,,34.48
21.08,137.2,276.9,217.1999969,7.199999809,504,1.32,,,,,71.49
21.88,138.2,276.9,288.1,6.800000191,504,1.32,,,,,71.53
24.22,139.2,276.9,288.1000061,5,641,1.54,,,,,52.53
24.48,140.2,276.9,308,7.699999809,654,1.53,,,,,51.49
24.92,141.2,276.9,413.6000061,7.7,886,1.53,,,,,51.75
9.04,520.7,96.5,155.6999969,10,139,0.8,,,,,91.66
23.98,520.7,96.5,189.6000061,9.800000191,139,1.31,,,,,76.85
12.81,520.7,96.5,199.8000031,9.800000191,158,0.89,,,,,89.78
10.9,520.7,96.5,229.8999939,10.10000038,192,0.79,,,,,90.66
24.67,520.7,96.5,231,9.199999809,240,1.37,,,,,65.12
21.14,520.7,96.5,238.1999969,10.69999981,251,1.31,,,,,74.7
16.12,520.7,96.5,250.3999939,9.800000191,280,0.81,,,,,86.11
17.88,520.7,96.5,269.5,10,293,0.82,,,,,84.3
22.65,520.7,96.5,335.7999878,9.399999619,295,1.31,,,,,74.59
4.15,520.7,96.5,446.1000061,9.800000191,401,0.78,,,,,92.73
26.96,269.2,119.3,269.2000122,8.199999809,256,1.011000037,,,,,83.92
30.14,269.2,119.3,397.5,7.300000191,590,1.55,,,,,45.88
31.92,269.2,119.3,425.3999939,7.400000095,610,1.78,,,,,26.27
21.08,287.02,261.7,217.1999969,7.199999809,368,1.02,,,,,80.23
21.88,287.02,261.7,308,6.800000191,543,1.28,,,,,79.24
25.96,287.02,261.7,393.6000061,7.300000191,641,1.38,,,,,59.14
27.75,287.02,261.7,458.1000061,7,654,1.77,,,,,33
21.08,287.02,284.5,217.1999969,7.199999809,368,1.03,,,,,80.23
21.88,287.02,284.5,308,6.800000191,543,1.27,,,,,79.23
25.96,287.02,284.5,393.6000061,7.300000191,641,1.41,,,,,56.01
27.75,287.02,284.5,458.1000061,7,654,1.78,,,,,32.94
21.08,287.02,261.6,217.1999969,7.199999809,368,1.02,,,,,82.87
21.88,287.02,261.6,308,6.800000191,543,1.1,,,,,80.89
25.96,287.02,261.6,393.6000061,7.300000191,641,1.434000015,,,,,57.01
27.75,287.02,261.6,458.1000061,7,654,1.77,,,,,33.21
21.08,287.02,251.5,217.1999969,7.199999809,368,1.02,,,,,81.49
21.88,287.02,251.5,308,6.800000191,641,1.1,,,,,80.52
25.96,287.02,251.5,458.1000061,7.300000191,654,1.43,,,,,57.01
0.11,213.4,147.3,244.3000031,8.100000381,174,0.699999988,,,,,98.45
0.7,213.4,147.3,264.2999878,8.5,401,0.709999979,,,,,96.72
1.78,213.4,147.3,274,7.400000095,449,1.28,,,,,68.75
2.79,213.4,147.3,311.8999939,8.399999619,501,1.6,,,,,50.24
3.79,213.4,147.3,373.8999939,6.699999809,550,1.68,,,,,38.7
4.78,213.4,147.3,390.7000122,8.199999809,595,1.83,,,,,25.6
5.79,213.4,147.3,405.2999878,7.800000191,639,3.07,,,,,3.86
0.11,315,190.5,244.3000031,8.100000381,174,0.7,,,,,98.45
0.7,315,191.5,264,8.5,401,0.7,,,,,98.45
1.78,315,192.5,274,7.400000095,401,1.28,,,,,68.11
1.95,315,193.5,264.2999878,8.399999619,449,1.29,,,,,68.11
2.27,315,194.5,274,6.699999809,501,1.31,,,,,66.83
2.62,315,195.5,274,6.699999809,550,1.31,,,,,66.44
2.78,315,196.5,312,6.699999809,501,1.6,,,,,50.24
3.27,315,197.5,311.8999939,8.199999809,595,1.49,,,,,49.96
3.79,315,198.5,374,6.7,550,1.56,,,,,44.7
4.27,315,199.5,390.7000122,7.800000191,639,1.67,,,,,43.47
4.79,315,200.5,391,8.2,595,1.84,,,,,25.25
0.11,233.7,188,244.3000031,8.100000381,174,0.7,,,,,98.45
0.7,233.7,188,264.2999878,8.5,401,0.71,,,,,96.72
1.78,233.7,188,274,7.400000095,449,0.89,,,,,70.75
2.79,233.7,188,311.8999939,8.399999619,501,1.44,,,,,40.58
3.79,233.7,188,373.8999939,6.699999809,550,1.66,,,,,40.23
4.79,233.7,188,390.7000122,8.199999809,595,1.86,,,,,26.2
5.79,233.7,188,405.2999878,7.800000191,639,2.81,,,,,3.45
0.11,325.1,116.8,244.3000031,8.100000381,174,0.7,,,,,98.45
0.7,325.1,116.8,264.2999878,8.5,401,0.711,,,,,96.72
1.78,325.1,116.8,274,7.400000095,449,0.89,,,,,70.75
2.79,325.1,116.8,311.8999939,8.399999619,501,1.38,,,,,54.24
3.79,325.1,116.8,373.8999939,6.699999809,550,1.68,,,,,39.35
4.78,325.1,116.8,390.7000122,8.199999809,595,1.85,,,,,25.7
5.79,325.1,116.8,405.2999878,7.800000191,639,2.81,,,,,4.13
0.11,236.2,182.9,244.3000031,7.4,174,0.7,,,,,96.72
0.7,236.2,182.9,264.2999878,8.1,401,0.71,,,,,96.72
1.78,236.2,182.9,274,8.5,449,1.01,,,,,67.63
2.79,236.2,182.9,311.8999939,8.399999619,501,1.63,,,,,47.62
3.79,236.2,182.9,373.8999939,6.7,550,1.66,,,,,40.99
4.79,236.2,182.9,390.7000122,8.199999809,595,1.86,,,,,25.89
5.79,236.2,182.9,405.2999878,7.800000191,639,2.81,,,,,3.33
0.11,322.6,116.8,244.3000031,8.100000381,174,0.7,,,,,96.72
0.7,322.6,116.8,264.2999878,8.5,401,0.7,,,,,96.72
1.78,322.6,116.8,274,7.400000095,449,0.89,,,,,70.75
2.79,322.6,116.8,311.8999939,8.399999619,501,1.38,,,,,54.24
3.79,322.6,116.8,373.8999939,6.699999809,550,1.65,,,,,40.88
4.78,322.6,116.8,390.7000122,8.199999809,595,1.87,,,,,26.1
5.79,322.6,116.8,405.2999878,7.800000191,639,2.81,,,,,4.01
0.12,228.6,193,244.3000031,8.100000381,174,0.7,,,,,96.72
0.7,228.6,193,264.2999878,8.5,401,0.7,,,,,96.72
1.78,228.6,193,274,7.400000095,449,0.89,,,,,67.44
2.8,228.6,193,311.8999939,8.399999619,501,1.43,,,,,46.86
3.79,228.6,193,373.8999939,6.699999809,550,1.61,,,,,45.88
4.79,228.6,193,390.7000122,8.199999809,595,1.88,,,,,27.89
5.79,228.6,193,405.2999878,7.800000191,639,2.81,,,,,3.66
0.12,322.5,109.2,244.3000031,8.100000381,174,0.7,,,,,96.72
0.7,322.5,109.2,264.2999878,8.5,401,0.71,,,,,93.91
1.78,322.5,109.2,274,7.400000095,449,0.89,,,,,67.43
2.8,322.5,109.2,311.8999939,8.399999619,501,1.44,,,,,40.58
3.79,322.5,109.2,373.8999939,6.699999809,550,1.61,,,,,45.88
4.79,322.5,109.2,390.7000122,8.199999809,595,1.77,,,,,29.37
5.79,322.5,109.2,405.2999878,7.800000191,639,3.11,,,,,4.13
0.12,426.7,111.8,244.3000031,8.100000381,174,0.7,,,,,98.45
0.7,426.7,111.8,264.2999878,8.5,401,0.71,,,,,95.23
1.78,426.7,111.8,274,7.400000095,449,0.89,,,,,67.83
2.8,426.7,111.8,311.8999939,8.399999619,501,1.44,,,,,44.14
3.8,426.7,111.8,373.8999939,6.699999809,550,1.62,,,,,40.89
4.79,426.7,111.8,390.7000122,8.199999809,595,1.78,,,,,27.89
5.79,426.7,111.8,405.2999878,7.800000191,639,1.996000051,,,,,3.4
0.12,218.4,109.2,244.3000031,8.100000381,174,0.703,,,,,98.45
0.7,218.4,110.2,264.2999878,8.5,401,0.71,,,,,96.72
1.78,218.4,111.2,274,7.400000095,449,0.89,,,,,70.75
2.8,218.4,112.2,311.8999939,8.399999619,501,1.51,,,,,42.5
3.79,218.4,113.2,373.8999939,6.699999809,550,1.62,,,,,41.16
4.79,218.4,114.2,390.7000122,8.199999809,595,1.78,,,,,28.7
5.79,218.4,115.2,405.2999878,7.800000191,639,3.11,,,,,4.13
0.11,330.2,193,244.3000031,8.100000381,174,0.7,,,,,96.72
0.7,330.2,193,264.2999878,8.5,401,0.71,,,,,96.72
1.78,330.2,193,274,7.400000095,449,0.89,,,,,70.45
2.79,330.2,193,311.8999939,8.399999619,501,1.51,,,,,42.5
3.79,330.2,193,373.8999939,6.699999809,550,1.68,,,,,36.94
4.77,330.2,193,390.7000122,8.199999809,595,1.88,,,,,24.1
5.79,330.2,193,405.2999878,7.800000191,639,2.81,,,,,3.42
0.11,454.7,180.3,244.3000031,8.100000381,174,0.7,,,,,98.45
0.7,454.7,180.3,264.2999878,8.5,401,0.71,,,,,96.72
1.78,454.7,180.3,274,7.400000095,449,0.89,,,,,70.5
2.79,454.7,180.3,311.8999939,8.399999619,501,1.63,,,,,47.62
3.79,454.7,180.3,373.8999939,6.699999809,550,1.48,,,,,52.09
4.77,454.7,180.3,390.7000122,8.199999809,595,1.88,,,,,24.2
5.79,454.7,180.3,405.2999878,7.800000191,639,2.81,,,,,3.57
0.12,454.7,124.5,311.8999939,8.100000381,174,0.7,,,,,98.45
0.71,454.7,124.5,373.8999939,8.5,401,0.72,,,,,96.72
3.8,454.7,124.5,390.7000122,6.699999809,501,1.48,,,,,50.65
5.78,454.7,124.5,405.2999878,7.800000191,639,1.78,,,,,39.71
0.12,454.7,119.4,311.8999939,8.100000381,174,0.704,,,,,96.72
0.71,454.7,119.4,373.8999939,8.5,401,0.704,,,,,96.72
3.8,454.7,119.4,390.7000122,6.699999809,501,1.03,,,,,66
5.77,454.7,119.4,405.2999878,7.800000191,639,1.55,,,,,41.79
0.12,454.7,121.9,312,8.100000381,174,0.7,,,,,98.45
0.71,454.7,121.9,374,8.5,401,0.71,,,,,96.72
3.8,454.7,121.9,501,6.699999809,501,1.03,,,,,66
5.77,454.7,121.9,405,7.800000191,639,1.54,,,,,41.8
9.8,454.7,121.9,373.8999939,6.900000095,483,1.58,,,,,40.8
10.8,454.7,121.9,387.8999939,6.699999809,501,1.59,,,,,39.2
11.79,454.7,121.9,390.7000122,7,613,1.81,,,,,35.92
12.81,454.7,121.9,405.2999878,7,626,1.87,,,,,21.53
13.79,454.7,121.9,416.2000122,8.399999619,628,1.92,,,,,18.5
14.8,454.7,121.9,462.2000122,7.900000095,639,2.01,,,,,17.04
17.6,454.7,121.9,511.2000122,8.699999809,701,2.155999899,,,,,10.69
8.81,586.8,250,385.1000061,7.5,185,0.79,9,155,,22,83.66
11.08,586.8,251,458.7000122,5.5,465,0.78,9,172,,22,85.52
13.11,586.8,252,504.7999878,6.800000191,529,1.071,9,200,,22,71.73
14.97,586.8,253,633.7999878,7.099999905,559,1.093,9,212,,22,64.18
16.9,586.8,254,772,8.5,735,1.25,9,189,,22,57.88
8.81,736.6,76.2,385.1000061,7.5,185,1.02,,,,,71.03
11.3,736.6,76.2,458.7000122,5.5,465,1.22,,,,,68.03
13.11,736.6,76.2,504.7999878,6.800000191,529,1.45,,,,,42.3
14.97,736.6,76.2,633.7999878,7.099999905,559,1.09,,,,,61.82
16.9,736.6,76.2,772,8.5,735,1.61,,,,,36.54
8.81,792.5,86.4,385.1000061,7.5,185,0.89,,,,,82.93
11.08,792.5,86.4,458.7000122,5.5,465,1.02,,,,,59.52
13.11,792.5,86.4,504.7999878,6.800000191,529,1.448,,,,,42.28
14.97,792.5,86.4,633.7999878,7.099999905,559,1.61,,,,,36.89
16.9,792.5,86.4,772,8.5,735,1.644,,,,,37.31
8.81,668,86.3,385.1000061,7.5,185,0.9,,,,,82.4
11.08,668,86.3,458.7000122,5.5,465,1.45,,,,,42.29
13.11,668,86.3,504.7999878,6.800000191,529,1.45,,,,,41.76
14.97,668,86.3,633.7999878,7.099999905,559,1.61,,,,,36.89
16.9,668,86.3,772,8.5,735,1.63,,,,,31.21
16.9,673.1,78.7,772,8.5,735,1.63,,,,,31.2
8.81,673.1,78.7,385,7.5,185,0.88,,,,,81.3
14.97,673.1,78.7,504.7999878,7.099999905,559,1.61,,,,,36.89
13.11,673.1,78.7,505,6.800000191,529,1.45,,,,,41.2
11.08,673.1,78.7,459,5.5,465,1.416000009,,,,,69.6
8.71,436.9,129.6,461,8.899999619,365,1.58,,,,,32.61
15.73,436.9,129.6,351.2000122,8.800000191,351,1.9,,,,,11.29
16.78,436.9,129.6,460.5,9.100000381,365,2.12,,,,,7.36
8.71,477.5,134.6,461,8.899999619,365,1.59,,,,,32.61
8.71,485.1,147.3,460.5,8.899999619,365,1.6,,,,,32.1
8.71,459.7,142.2,460.5,8.899999619,365,1.6,,,,,30.1
8.71,459.7,134.6,460.5,8.899999619,365,1.61,,,,,30.2
8.71,485.1,129.6,460.5,8.899999619,365,1.62,,,,,30.1
8.71,487.7,132,460.5,8.899999619,365,1.61,,,,,30.25
8.71,477.5,134.6,460.5,8.899999619,365,1.59,,,,,31.2
8.72,457.2,132,460.5,8.899999619,365,1.57,,,,,33.2
8.72,457.2,132,460.5,8.899999619,365,1.59,,,,,31.2
0.23,180.3,114.3,200.3000031,7.099999905,319,0.7,,,,,96.72
1.27,180.3,114.3,244.3999939,6,393,0.7,,,,,96.72
2.16,180.3,114.3,284.7999878,5.300000191,421,0.72,,,,,93.91
4.05,180.3,114.3,327.6000061,6.900000095,455,0.85,,,,,85.2
5.03,180.3,114.3,352.3999939,6.900000095,486,0.88,,,,,82.73
6.29,180.3,114.3,368.8999939,6.5,536,0.9,,,,,80.73
6.95,180.3,114.3,388.8999939,6.800000191,552,1.02,,,,,79.78
8.18,180.3,114.3,409.3999939,5.599999905,594,1.45,,,,,60.4
8.96,180.3,114.3,410.7999878,7,735,1.45,,,,,60.28
0.23,304.8,175.3,200.3000031,7.099999905,319,0.7,,,,,96.72
1.27,304.8,175.3,244.3999939,6,393,0.71,,,,,95.22
2.16,304.8,175.3,284.7999878,5.300000191,421,0.83,,,,,88.99
4.05,304.8,175.3,327.6000061,6.900000095,455,0.85,,,,,85.2
5.03,304.8,175.3,352.3999939,6.900000095,486,0.88,,,,,82.37
6.29,304.8,175.3,368.8999939,6.5,536,0.89,,,,,83.45
6.95,304.8,175.3,388.8999939,6.800000191,552,1.02,,,,,79.78
8.18,304.8,175.3,409.3999939,5.599999905,594,1.45,,,,,60.4
8.96,304.8,175.3,410.7999878,7,735,1.46,,,,,59.59
8.71,480.1,137.2,460.5,8.899999619,365,1.65,,,,,38.99
5.81,792.5,132.1,248.1999969,7.9,463,0.795000017,,,,,89.42
6.2,792.5,132.1,348.8999939,7.900000095,574,0.8,,,,,91.66
12.79,792.5,132.1,462.7000122,8.300000191,574,1.45,,,,,58.48
15.8,792.5,132.1,462.7000122,8.3,577,1.52,,,,,54.63
9.97,447,124.4,460.9,8.9,365,1.65,,,,,38.53
25.94,203.2,81.3,286.5,9.2,142,1.78,,,,,39
28.4,203.2,81.3,463.7000122,10.1,420,2.01,,,,,5.12
0.67,792.5,182.9,154.1999969,10.69999981,89,0.7,,,,,98.45
1.19,792.5,182.9,154,10.5,89,0.7,,,,,98.45
1.2,792.5,182.9,154,10.5,89,0.7,,,,,98.45
1.27,792.5,182.9,183,10.5,103,0.7,,,,,98.45
1.62,792.5,182.9,185.8999939,10.7,103,0.7,,,,,98.45
1.72,792.5,182.9,185.8999939,10.7,103,0.7,,,,,98.45
1.96,792.5,182.9,185.8999939,10.7,128,0.7,,,,,98.45
2.11,792.5,182.9,209.1000061,10.7,128,0.7,,,,,98.45
3.38,792.5,182.9,183,10,103,0.72,,,,,95.61
4.05,792.5,182.9,186,10.30000019,128,0.71,,,,,98.41
4.3,792.5,182.9,233.8999939,10.30000019,140,0.72,,,,,98.45
4.51,792.5,182.9,233.8999939,10.69999981,140,0.73,,,,,94.62
4.89,792.5,182.9,209,10.69999981,140,0.71,,,,,95.23
5.01,792.5,182.9,233.8999939,10.69999981,165,0.71,,,,,93.07
5.71,792.5,182.9,214,10.89999962,165,0.878000021,,,,,87.32
5.94,792.5,182.9,259.7000122,10.89999962,174,0.882000029,,,,,86.62
6.27,792.5,182.9,259.7000122,10.89999962,174,0.876999974,,,,,88.09
6.88,792.5,182.9,231,10.39999962,175,0.89200002,,,,,83.76
7.14,792.5,182.9,305.6000061,10.39999962,175,0.894999981,,,,,82.81
7.45,792.5,182.9,305.6000061,11.39999962,177,0.898,,,,,80.92
7.64,792.5,182.9,309.2000122,11.39999962,218,0.897000015,,,,,81.95
8.15,792.5,182.9,309.2000122,11.39999962,218,1.02,,,,,78.97
8.67,792.5,182.9,309.2000122,10.5,218,1.02,,,,,78.09
9.65,792.5,182.9,309.2000122,9.800000191,226,1.25,,,,,66.04
11.08,792.5,182.9,316.6000061,10.39999962,283,1.29,,,,,63.11
13.9,792.5,182.9,423.2000122,11,332,1.76,,,,,25.66
0.68,792.5,109.2,154,10.69999981,89,0.7,,,,,96.72
3.38,792.5,109.2,183,10,103,0.77,,,,,90.55
4.07,792.5,109.2,186,10.30000019,128,0.79,,,,,90.9
4.07,792.5,104.1,185.8999939,10.30000019,128,0.768,,,,,92.73
4.89,792.5,104.1,209,10.69999981,140,1.25,,,,,71.46
5.72,792.5,104.1,214,10.89999962,165,1.24,,,,,78.57
6.88,792.5,104.1,231,10.39999962,175,1.32,,,,,59.55
8.15,792.5,104.1,309.2000122,11.39999962,218,1.34,,,,,57.93
8.67,792.5,104.1,423.2000122,10.5,283,1.35,,,,,55.93
3.38,792.5,185.4,183,10,103,0.77,,,,,90.55
4.05,792.5,185.4,185.8999939,10.30000019,128,0.71,,,,,93.23
4.89,792.5,185.4,209,10.69999981,140,0.7,,,,,94.72
5.71,792.5,185.4,214,10.89999962,165,0.77,,,,,92.9
6.88,792.5,185.4,231,10.39999962,175,0.88,,,,,85.88
8.15,792.5,185.4,309.2000122,11.39999962,218,0.89,,,,,84.48
8.67,792.5,185.4,316.6000061,10.5,283,0.89,,,,,84.56
9.65,792.5,185.4,423.2000122,9.800000191,332,0.95,,,,,74.78
4.07,792.5,106.7,185.8999939,10.30000019,128,0.73,,,,,92.73
4.89,792.5,106.7,209,10.69999981,140,1.24,,,,,78.62
5.72,792.5,106.7,214,10.89999962,165,0.86,,,,,82.49
6.88,792.5,106.7,231,10.39999962,175,1.23,,,,,78.83
8.15,792.5,106.7,309.2000122,11.39999962,218,1.26,,,,,75.13
8.67,792.5,106.7,423.2000122,10.5,283,1.31,,,,,71.61
4.05,792.5,182.9,185.8999939,10.30000019,128,0.7,,,,,93.91
4.89,792.5,182.9,209.1000061,10.69999981,140,0.7,,,,,93.91
5.71,792.5,182.9,214.1000061,10.89999962,165,0.7,,,,,93.43
6.88,792.5,182.9,231.3999939,10.39999962,175,0.75,,,,,91.02
8.15,792.5,182.9,259.7000122,11.39999962,177,0.89,,,,,88.58
8.67,792.5,182.9,305.6000061,10.5,218,0.79,,,,,91.23
9.65,792.5,182.9,309.2000122,9.800000191,226,0.91,,,,,82.06
11.08,792.5,182.9,316.6000061,10.39999962,283,0.91,,,,,83.46
13.9,792.5,182.9,423.2000122,11,332,1.35,,,,,50.19
4.05,792.5,111.8,185.8999939,10.30000019,128,0.703999996,,,,,94.83
4.89,792.5,111.8,209.1000061,10.69999981,140,0.706,,,,,92.94
5.72,792.5,111.8,214.1000061,10.89999962,165,0.705,,,,,93.23
6.88,792.5,111.8,231.3999939,10.39999962,175,0.81,,,,,89.12
8.15,792.5,111.8,259.7000122,11.39999962,177,0.84,,,,,85.12
8.67,792.5,111.8,305.6000061,10.5,218,0.91,,,,,79.24
9.65,792.5,111.8,309.2000122,9.800000191,226,1.35,,,,,51.9
11.08,792.5,111.8,316.6000061,10.39999962,283,1.78,,,,,22.88
13.9,792.5,111.8,423.2000122,11,332,1.78,,,,,22.88
4.05,792.5,177.8,185.8999939,10.30000019,128,0.7,,,,,96.72
4.89,792.5,177.8,209.1000061,10.69999981,140,0.84,,,,,84.37
5.72,792.5,177.8,214.1000061,10.89999962,165,0.85,,,,,87.28
6.88,792.5,177.8,231.3999939,10.39999962,175,0.77,,,,,93.23
8.15,792.5,177.8,259.7000122,11.39999962,177,0.8,,,,,90.41
8.67,792.5,177.8,305.6000061,10.5,218,0.8,,,,,90.11
9.65,792.5,177.8,309.2000122,9.800000191,226,0.95,,,,,77.34
11.08,792.5,177.8,316.6000061,10.39999962,283,1.12,,,,,66.28
13.9,792.5,177.8,423.2000122,11,332,1.56,,,,,39.91
0.67,792.5,177.8,154.1999969,10.69999981,89,0.7,,,,,96.72
3.38,792.5,177.8,183,10,103,0.7,,,,,96.67
4.05,792.5,177.8,185.8999939,10.30000019,128,0.7,,,,,96.67
4.89,792.5,177.8,209.1000061,10.69999981,140,0.71,,,,,93.86
5.72,792.5,177.8,214.1000061,10.89999962,165,0.72,,,,,90.74
6.88,792.5,177.8,231.3999939,10.39999962,175,0.85,,,,,88.7
8.15,792.5,177.8,259.7000122,11.39999962,177,0.86,,,,,85.86
8.67,792.5,177.8,305.6000061,10.5,218,0.88,,,,,82.6
9.65,792.5,177.8,309.2000122,9.800000191,226,1.12,,,,,66.02
11.08,792.5,177.8,316.6000061,10.39999962,283,1.54,,,,,42.74
13.9,792.5,177.8,423.2000122,11,332,1.67,,,,,29.66
0.67,792.5,167.6,154.1999969,10.69999981,89,0.7,,,,,96.72
3.38,792.5,167.6,183,10,103,0.7,,,,,95.23
4.05,792.5,167.6,185.8999939,10.30000019,128,0.71,,,,,95.23
4.89,792.5,167.6,209.1000061,10.69999981,140,0.71,,,,,95.23
5.71,792.5,167.6,214.1000061,10.89999962,165,0.72,,,,,93.23
6.88,792.5,167.6,231.3999939,10.39999962,175,0.86,,,,,86.61
8.15,792.5,167.6,259.7000122,11.39999962,177,0.87,,,,,84.89
8.67,792.5,167.6,305.6000061,10.5,218,0.88,,,,,83.12
9.65,792.5,167.6,309.2000122,9.800000191,226,0.88,,,,,83.91
11.08,792.5,167.6,316.6000061,10.39999962,283,1.12,,,,,72.34
13.9,792.5,167.6,423.2000122,11,332,1.64,,,,,37.91
0.68,792.5,104.1,154.1999969,10.69999981,89,0.7,,,,,98.45
3.38,792.5,104.1,183,10,103,0.7,,,,,95.23
4.06,792.5,104.1,185.8999939,10.30000019,128,0.71,,,,,93.91
4.89,792.5,104.1,209.1000061,10.69999981,140,0.72,,,,,92.73
5.72,792.5,104.1,214.1000061,10.89999962,165,0.72,,,,,93.91
6.88,792.5,104.1,231.3999939,10.39999962,175,0.72,,,,,93.59
8.15,792.5,104.1,259.7000122,11.39999962,218,0.72,,,,,93.47
8.67,792.5,104.1,305.6000061,10.5,226,0.72,,,,,92.7
9.67,792.5,104.1,309.2000122,9.800000191,283,0.72,,,,,92.85
11.08,792.5,104.1,316.6000061,10.39999962,332,1.78,,,,,22.88
13.9,792.5,104.1,423.2000122,11,177,1.78,,,,,22.88
0.67,792.5,114.3,154.1999969,10.69999981,89,0.7,,,,,98.45
3.38,792.5,114.3,183,10,103,0.71,,,,,93.91
4.06,792.5,114.3,185.8999939,10.30000019,128,0.72,,,,,92.73
4.89,792.5,114.3,209.1000061,10.69999981,140,0.71,,,,,93.91
5.72,792.5,114.3,214.1000061,10.89999962,165,0.71,,,,,93.84
6.88,792.5,114.3,231.3999939,10.39999962,175,0.71,,,,,93.76
8.15,792.5,114.3,259.7000122,11.39999962,177,0.72,,,,,92.68
8.67,792.5,114.3,305.6000061,10.5,218,0.72,,,,,92.08
9.67,792.5,114.3,309.2000122,9.800000191,226,0.8,,,,,89.85
11.08,792.5,114.3,316.6000061,10.39999962,283,1.78,,,,,22.88
13.9,792.5,114.3,423.2000122,11,332,1.78,,,,,22.88
13.02,119.4,177.8,149.8000031,13.5,71,1.91,,,,,11.32
14.03,119.4,177.8,201.1000061,12.69999981,76,1.88,,,,,16.96
12.47,269.2,160,233.6000061,10.60000038,258,2.01,,,,,8.81
4.48,269.2,160,312.3999939,9.300000191,98,0.73,,,,,93.91
7.38,269.2,160,317.3999939,10.69999981,161,1.16,,,,,70.65
10.59,269.2,160,369.2000122,9.899999619,237,2.01,,,,,8.83
5.11,228.6,139.7,394.3999939,7.6,745,1.08,,,,,79.9
5.28,228.6,139.7,394.3999939,7.699999809,745,1.31,,,,,61.33
5.9,228.6,139.7,584.2999878,7.599999905,881,1.89,,,,,18.08
6.16,228.6,139.7,584.2999878,7.8,1375,1.91,,,,,14.98
1.81,195.6,116.8,270.5,6.199999809,622,0.7,,,,,98.45
2.07,195.6,116.8,340.3999939,6.199999809,789,0.7,,,,,98.45
4.15,195.6,116.8,397.1000061,6.5,807,0.865,,,,,83.99
5.78,195.6,116.8,407.3999939,8,1073,0.865,,,,,83.99
7.12,195.6,116.8,455.7000122,7,1078,0.865,,,,,83.96
8.96,195.6,116.8,482.6000061,7.300000191,1080,1.16,,,,,70.6
9.98,195.6,116.8,551,7,1296,1.17,,,,,69.3
11.2,195.6,116.8,516.7000122,7.199999809,1090,1.17,,,,,69.59
14.17,195.6,116.8,547.2999878,7.199999809,1097,1.31,,,,,65.88
16.13,195.6,116.8,550.5999756,5.300000191,1105,1.78,,,,,25.24
17.99,195.6,116.8,550.5999756,6.300000191,1119,1.8,,,,,20.33
20.41,195.6,116.8,616.7999878,6,1214,1.91,,,,,15.43
1.2,304.8,180.3,270.5,6,622,0.7,,,,,98.45
1.81,304.8,180.3,270.5,6.199999809,622,0.7,,,,,98.45
2.07,304.8,180.3,340.3999939,6.199999809,789,0.7,,,,,98.45
3.4,304.8,180.3,340.3999939,4.699999809,967,0.8,,,,,88.24
4.07,304.8,180.3,397.1000061,6.5,967,0.852,,,,,82.95
4.31,304.8,180.3,397.1000061,6.5,1073,0.852,,,,,82.95
5.78,304.8,180.3,407.3999939,8,1073,0.852,,,,,82.95
6.95,304.8,180.3,407.3999939,7,1073,0.914,,,,,81.98
7.12,304.8,180.3,456,7,1078,0.914,,,,,82.51
7.45,304.8,180.3,482.7000122,7,1078,0.952,,,,,80.29
7.92,304.8,180.3,488.5,7.199999809,1080,1.138,,,,,71
8.45,304.8,180.3,511.1000061,7.199999809,1080,1.141,,,,,70.54
8.96,304.8,180.3,483,7.300000191,1080,1.146,,,,,70.27
9.47,304.8,180.3,547.2999878,7.300000191,1090,1.146,,,,,70.15
9.98,304.8,180.3,550.5999756,7,1296,1.214,,,,,67.37
10.55,304.8,180.3,550.5999756,7,1589,1.273,,,,,61.87
1.81,241.3,76.2,271,6.199999809,622,0.73,,,,,91.81
2.07,241.3,76.2,340,6.199999809,789,0.73,,,,,91.25
4.15,241.3,76.2,397,6.5,967,0.91,,,,,84.12
5.78,241.3,76.2,407,8,1073,1.14,,,,,72.29
7.12,241.3,76.2,456,7,1078,1.16,,,,,70.29
11.2,241.3,76.2,516.7000122,7.199999809,1090,1.22,,,,,63.43
14.17,241.3,76.2,547.2999878,7.199999809,1097,1.61,,,,,48.58
16.13,241.3,76.2,550.5999756,5.300000191,1105,1.62,,,,,41.82
17.99,241.3,76.2,550.5999756,6.300000191,1119,1.8,,,,,26.55
20.41,241.3,76.2,616.7999878,6,1214,2.247,,,,,19.12
0.08,792.5,124.5,264,7.199999809,258,0.68,,,,,100
1.61,792.5,124.5,268,8,275,0.7,,,,,95.23
4.09,792.5,124.5,341,8.300000191,277,0.7,,,,,95.23
4.72,792.5,124.5,343,7,470,0.7,,,,,95.23
5.81,792.5,124.5,348,8.300000191,504,1.27,,,,,62.55
7,792.5,124.5,470.8999939,7.400000095,531,1.31,,,,,60.58
0.08,792.5,180.3,264.3999939,7.2,258,0.68,,,,,100
1.61,792.5,180.3,267.8999939,8,275,0.7,,,,,95.23
4.09,792.5,180.3,341.3999939,8.300000191,277,0.7,,,,,95.23
4.72,792.5,180.3,343.2000122,7,470,0.7,,,,,95.23
5.81,792.5,180.3,348.2999878,8.300000191,504,1.27,,,,,62.55
7,792.5,180.3,471,7.400000095,531,1.31,,,,,60.58
7.69,792.5,180.3,385.5,7.800000191,331,1.36,,,,,59.58
10.04,792.5,180.3,388.8999939,8.899999619,335,1.38,,,,,56.58
10.9,792.5,180.3,392,8.300000191,370,1.4,,,,,55.58
11.85,792.5,180.3,409.6000061,8.899999619,382,1.35,,,,,59.58
12.9,792.5,180.3,410.8999939,7.800000191,434,1.65,,,,,49.47
15.03,792.5,180.3,417.5,9.300000191,447,1.68,,,,,44.86
16.75,792.5,180.3,446.8999939,7.699999809,458,1.72,,,,,33.54
17.97,792.5,180.3,470.8999939,8.100000381,470,1.81,,,,,26.19
20.99,792.5,180.3,476.7999878,6.699999809,506,2.25,,,,,18.15
22.94,792.5,180.3,501.2000122,6.5,531,2.3,,,,,16.22
24.98,314.9,127.1,282.8999939,8.199999809,136,1.416000009,,,,,53.69
29.16,314.9,127.1,311.5,9.100000381,165,2.3,,,,,15.54
31.19,314.9,127.1,320,9,303,3.31,,,,,1.47
33.23,314.9,127.1,363.7999878,9.899999619,346,4.12,,,,,0.83
19.98,208.3,195.5,230.3999939,7.800000191,149,1.22,,,,,69.33
24.16,208.3,195.5,255.6999969,9,248,1.69,,,,,30.53
26.19,208.3,195.5,306.2999878,8.600000381,293,1.82,,,,,20
26.95,208.3,195.5,370.3999939,8.199999809,324,1.79,,,,,18.87
19.98,221,190.5,230.3999939,7.800000191,149,1.18,,,,,75.97
24.16,221,190.5,255.6999969,9,248,1.67,,,,,34.57
26.19,221,190.5,306.2999878,8.600000381,293,1.78,,,,,22.45
26.95,221,190.5,370.3999939,8.199999809,324,1.81,,,,,15.98
19.98,177.8,215.9,230.3999939,7.800000191,149,1.22,,,,,66.51
24.16,177.8,215.9,255.6999969,9,248,1.81,,,,,23.03
26.19,177.8,215.9,306.2999878,8.600000381,293,1.82,,,,,20
26.95,177.8,215.9,370.3999939,8.199999809,324,1.82,,,,,16.1
19.98,162.6,162.6,230.3999939,7.800000191,149,1.22,,60,,,59.35
26.96,162.6,162.6,370,8.199999809,324,2.45,,150,,,15.68
19.98,182.9,187.9,230.3999939,7.800000191,149,1.22,,,,,68.68
24.16,182.9,187.9,255.6999969,9,248,1.67,,,,,37.58
26.19,182.9,187.9,306.2999878,8.600000381,293,1.81,,,,,25.81
26.95,182.9,187.9,370.3999939,8.199999809,324,2.51,,,,,15.83
19.98,215.9,188,230.3999939,7.800000191,149,1.22,,,,,69.33
26.96,215.9,188,370,8.199999809,324,2.78,,,,,20.64
19.98,208.3,203.2,230.3999939,7.800000191,149,1.15,,,,,67.48
26.95,208.3,203.2,370,8.199999809,324,2.81,,,,,22.64
19.98,226.1,180.4,230.3999939,7.800000191,149,1.15,,,,,67.48
26.95,226.1,180.4,370,8.199999809,324,2.78,,,,,20.64
19.98,233.7,175.3,230.3999939,7.800000191,149,1.18,,,,,72.33
24.16,233.7,175.3,255.6999969,9,248,1.68,,,,,32.3
26.19,233.7,175.3,306,8.600000381,324,1.81,,,,,22.23
24.98,317.5,116.9,272,8.199999809,136,0.71,,,,,91.38
27.01,317.5,116.9,271.5,8,165,0.78,,,,,89.78
29.16,317.5,116.9,282.8999939,9.100000381,244,1.16,,,,,64.01
31.19,317.5,116.9,311.5,9,303,1.67,,,,,37.1
33.24,317.5,116.9,320,9.899999619,328,1.878999949,,,,,27.59
34.74,317.5,116.9,363.7999878,10,346,2.002000093,,,,,13.88
24.98,584.2,114.3,271.5,8.199999809,136,0.71,,,,,91.38
27.01,584.2,114.3,272,8,165,0.8,,,,,88.61
24.98,139.7,149.8,271.5,8.199999809,136,0.71,,,,,90.38
27.01,139.7,149.8,272,8,165,0.82,,,,,87.81
29.16,139.7,149.8,283,9.100000381,244,1.17,,,,,64.1
31.19,139.7,149.8,363.7999878,9,346,1.67,,,,,37.2
24.98,154.9,127,272,8.199999809,136,0.73,,,,,89.78
27.01,154.9,127,271.5,8,165,0.8,,,,,88.36
29.16,154.9,127,282.8999939,9.100000381,244,1.18,,,,,63.23
31.19,154.9,127,311.5,9,303,1.67,,,,,36.2
33.24,154.9,127,320,9.899999619,328,1.88,,,,,27.59
34.74,154.9,127,363.7999878,10,346,2,,,,,13.88
24.98,139.7,124.4,272,8.199999809,136,0.75,,,,,90.35
27.01,139.7,124.4,271.5,8,165,0.8,,,,,88.59
31.19,139.7,124.4,311.5,9.100000381,303,1.68,,,,,35.21
33.24,139.7,124.4,320,9.9,328,1.77,,,,,29.5
34.74,139.7,124.4,363.7999878,10,346,1.97,,,,,14.88
24.98,480,111.7,271.5,8.199999809,136,0.71,,,,,91.8
27.01,480,111.7,272,8,165,0.81,,,,,87.64
24.98,513.1,121.9,271.5,8.199999809,136,0.7,,,,,98.88
27.01,513.1,121.9,272,8,165,0.79,,,,,89.7
24.98,142.2,116.8,271.5,8.199999809,136,0.7,,,,,98.58
27.01,142.2,116.8,272,8,165,0.8,,,,,88.4
29.16,142.2,116.8,283,9.100000381,244,1.17,,,,,62.21
31.19,142.2,116.8,320,9,328,1.68,,,,,35.21
33.24,142.2,116.8,320,9.899999619,346,1.77,,,,,29.5
19.8,769.6,315,266.8999939,8.600000381,132,0.89,,,,,89.82
21.84,769.6,315,277.8999939,8.300000191,144,0.89,,,,,87.08
24,769.6,315,336.6000061,9.5,347,1.12,,,,,79.81
26,769.6,315,362.5,8.899999619,349,1.37,,,,,53.88
28.05,769.6,315,371.1000061,9.800000191,363,1.46,,,,,49.58
31.05,769.6,315,409.6000061,8.399999619,427,2.12,,,,,10.18
19.8,172.7,309.9,266.8999939,8.600000381,132,0.78,,,,,90.72
21.84,172.7,309.9,277.8999939,8.300000191,144,1.092000008,,,,,79.96
24,172.7,309.9,336.6000061,9.5,347,1.12,,,,,70.15
26,172.7,309.9,362.5,8.899999619,349,1.46,,,,,46.03
28.05,172.7,309.9,371.1000061,9.800000191,363,1.75,,,,,33.79
31.04,172.7,309.9,409.6000061,8.399999619,427,2.21,,,,,9.98
19.8,274.3,337.8,266.8999939,8.600000381,132,0.91,,,,,81.38
21.84,274.3,337.8,277.8999939,8.300000191,144,1.22,,,,,68.24
24,274.3,337.8,336.6000061,9.5,347,1.26,,,,,67.31
26,274.3,337.8,362.5,8.899999619,349,1.67,,,,,48.61
28.05,274.3,337.8,371.1000061,9.800000191,363,1.68,,,,,46.83
31.05,274.3,337.8,409.6000061,8.399999619,427,2.12,,,,,10.19
19.8,660.4,294.7,266.8999939,8.600000381,132,0.91,,400,,,89.68
21.84,660.4,294.7,277.8999939,8.300000191,144,1.22,,440,,,67.75
28.05,660.4,294.7,336.6000061,9.800000191,363,1.27,,532,,,65.14
31.05,660.4,294.7,362.5,8.399999619,427,2.21,,739,,,8.53
19.8,190.5,302.3,266.8999939,8.600000381,132,0.92,,,,,80.82
21.84,190.5,302.3,277.8999939,8.300000191,144,0.9,,,,,83.9
24,190.5,302.3,336.6000061,9.5,347,0.92,,,,,80.35
26,190.5,302.3,362.5,8.899999619,349,1.373000026,,,,,53.19
28.05,190.5,302.3,371.1000061,9.800000191,363,1.89,,,,,17.77
31.05,190.5,302.3,409.6000061,8.399999619,427,2.21,,,,,8.69
19.8,723.9,302.2,266.8999939,8.600000381,132,0.7,,,,,100
21.84,723.9,302.2,277.8999939,8.300000191,144,0.7,,,,,100
28.05,723.9,302.2,336.6000061,9.800000191,363,0.93,,,,,85.43
31.05,723.9,302.2,362.5,8.399999619,427,1.217000008,,,,,64.6
19.8,482.6,299.8,266.8999939,8.600000381,132,0.71,,,,,96.88
21.84,482.6,299.8,277.8999939,8.300000191,144,0.904999971,,,,,82.99
28.05,482.6,299.8,336.6000061,9.800000191,363,1.21,,,,,66.91
31.05,482.6,299.8,362.5,8.399999619,427,1.25,,,,,60.52
19.8,482.6,299.8,266.8999939,8.600000381,132,0.7,,,,,100
28.05,482.6,299.8,277.8999939,9.800000191,349,1.21,,,,,65.81
31.05,482.6,299.8,336.6000061,8.399999619,427,1.89,,,,,21.9
8.92,307.4,116.9,205.1999969,9.8,68,0.88,,,,,83.81
13.15,307.4,116.9,228.8999939,8.899999619,187,1.02,,,,,76.86
14.84,307.4,116.9,243.5,9.800000191,194,1.35,,,,,58.88
16.87,307.4,116.9,288.3999939,9.800000191,230,2.18,,,,,13.67
17.83,307.4,116.9,369.7000122,9.899999619,355,2.28,,,,,8.71
8.92,307.4,116.9,205.1999969,9.800000191,68,0.88,,,,,82.41
14.84,307.4,116.9,243.5,9.8,194,1.33,,,,,55.88
16.87,307.4,116.9,288.3999939,9.800000191,230,2.18,,,,,13.67
17.83,307.4,116.9,369.7000122,8.699999809,355,2.21,,,,,12.5
8.92,307.4,111.8,205.1999969,9.800000191,68,0.89,,,,,81.71
13.15,307.4,111.8,228.8999939,8.9,187,1.01,,,,,75.86
14.84,307.4,111.8,243.5,9.8,194,1.37,,,,,53.24
16.87,307.4,111.8,288.3999939,9.800000191,230,2.21,,,,,12.18
17.83,307.4,111.8,369.7000122,8.699999809,355,2.28,,,,,8.71
8.92,307.4,124.5,205.1999969,9.8,68,0.88,,,,,82.2
13.15,307.4,124.5,228.8999939,8.899999619,187,1.02,,,,,76.8
14.84,307.4,124.5,243.5,9.800000191,194,1.38,,,,,52.1
16.87,307.4,124.5,288.3999939,9.800000191,230,1.98,,,,,19.43
17.81,307.4,124.5,369.7000122,9.899999619,355,2.032,,,,,8.42
8.95,416.6,94,143,6.300000191,651,1.66,,,,,38.27
11.91,416.6,94,187,5.300000191,870,1.89,,,,,21.09
10.87,177.8,78.7,270.7000122,7.599999905,414,1.12,,,,,72.38
15.2,177.8,78.7,320.3999939,7.400000095,419,1.35,,,,,53.2
17.88,177.8,78.7,329.2999878,8.300000191,478,1.89,,,,,22.64
10.87,165.1,73.6,270.7000122,7.599999905,414,1.12,,,,,66.61
15.2,165.1,73.6,320.3999939,7.400000095,419,1.35,,,,,53.29
17.87,165.1,73.6,329.2999878,8.300000191,478,1.89,,,,,22.64
10.87,142.2,66,270.7000122,7.599999905,414,1.012,,,,,72.85
15.2,142.2,66,320.3999939,7.400000095,419,1.34,,,,,57.8
17.88,142.2,66,329.2999878,8.300000191,478,1.89,,,,,22.2
10.87,195.6,73.7,270.7000122,7.599999905,414,0.957,,,,,88.19
17.87,195.6,73.7,329.2999878,8.300000191,478,1.455,,,,,40.73
4.61,172.7,111.8,136.3999939,3.5,811,1.41,,,,,47.86
8.96,172.7,111.8,211.3000031,3.799999952,855,1.42,,,,,45.38
9.88,172.7,111.8,212.5,3.700000048,934,1.36,,,,,50.32
10.84,172.7,111.8,219.5,1.899999976,1154,1.46,,,,,39.32
12.63,172.7,111.8,252.1999969,3.400000095,1297,1.89,,,,,27.74
15.55,172.7,111.8,303.8999939,2.900000095,1448,2.03,,,,,10.23
4.6,172.7,121.9,136.3999939,3.5,811,1.4,,,,,48.19
8.96,172.7,121.9,211.3000031,3.799999952,855,1.4,,,,,48.73
9.88,172.7,121.9,212.5,3.700000048,934,1.38,,,,,50.86
10.84,172.7,121.9,219.5,1.899999976,1154,1.42,,,,,47.45
12.63,172.7,121.9,252.1999969,3.400000095,1297,1.42,,,,,47.65
15.55,172.7,121.9,303.8999939,2.900000095,1448,2.707,,,,,10.61
4.61,172.7,116.8,136.3999939,3.5,811,1.36,,,,,54.9
8.96,172.7,116.8,211.3000031,3.799999952,855,1.33,,,,,51.39
9.88,172.7,116.8,212.5,3.700000048,934,1.46,,,,,44.58
10.84,172.7,116.8,219.5,1.899999976,1154,1.38,,,,,50.43
12.63,172.7,116.8,252.1999969,3.400000095,1297,1.96,,,,,38.88
15.55,172.7,116.8,303.8999939,2.900000095,1448,1.96,,,,,39.48
4.61,172.7,114.3,136.3999939,3.5,811,1.4,,,,,49.54
8.96,172.7,114.3,211.3000031,3.799999952,855,1.4,,,,,49.86
9.88,172.7,114.3,212.5,3.700000048,934,1.33,,,,,51.88
10.84,172.7,114.3,219.5,1.899999976,1154,1.4,,,,,50.07
12.63,172.7,114.3,252.1999969,3.400000095,1297,1.4,,,,,49.95
15.55,172.7,114.3,303.8999939,2.900000095,1448,2.273,,,,,10.61
4.61,172.7,106.7,136,3.5,811,1.41,,,,,47.78
9.88,172.7,106.7,212.5,3.700000048,934,1.4,,,,,49.57
12.63,172.7,106.7,252.1999969,3.400000095,1154,1.973,,,,,30.13
10.87,157.5,71.1,249.8999939,7.599999905,400,1.12,,,,,78.59
13.12,157.5,71.1,249.8999939,6.199999809,400,1.13,,,,,76.27
13.45,157.5,71.1,249.8999939,6.199999809,414,1.15,,,,,75.95
13.72,157.5,71.1,281.6000061,8.399999619,478,1.16,,,,,74.98
13.81,157.5,71.1,281.6000061,7.4,478,1.17,,,,,72.36
14.14,157.5,71.1,320.4,8.399999619,629,1.25,,,,,67.37
14.64,157.5,71.1,320.4,7.400000095,629,1.253000021,,,,,65.52
14.88,157.5,71.1,329.2999878,4.7,847,1.21,,,,,68.4
16.29,604.5,99.1,255.8000031,9,327,1.972000003,,,,,21.07
19.42,604.5,99.1,267.2999878,8.8,331,2.183000088,,,,,12.5
20.48,604.5,99.1,360.1000061,8.8,346,2.282999992,,,,,10.14
24.41,604.5,99.1,428.2999878,8,460,2.397000074,,,,,8.76
25.38,604.5,99.1,493.2000122,7.8,532,2.423000097,,,,,8.74
9.23,320,127,384.1000061,7.900000095,565,1.42,,,,,49.68
12.05,320,127,398.5,7,724,1.95,,,,,34.09
20.17,281.4,101.6,451.8999939,5,705,1.21,,,,,68.16
21.06,281.4,101.6,488,4.300000191,911,1.97,,,,,20.52
16.97,221,124.5,193.3999939,7.699999809,555,1.97,,,,,30.42
19.76,221,124.5,307.6000061,6.800000191,815,1.42,,,,,49.42
7.45,533.4,116.8,294.7999878,7.900000095,481,1.174999952,,,,,74.25
10.55,533.4,116.8,361.2000122,7.400000095,483,1.48,,,,,49.69
11.48,533.4,116.8,444.1000061,6.199999809,759,1.52,,,,,46.77
8.96,172.7,119.4,136.4,3.799999952,811,1.53,,,,,48.8
9.88,172.7,119.4,211,3.700000048,855,1.31,,,,,51.89
10.84,172.7,119.4,212.5,1.9,934,1.52,,,,,47.86
12.63,172.7,119.4,219.5,3.400000095,1297,1.52,,,,,47.79
15.55,172.7,119.4,303.8999939,2.9,1448,1.52,,,,,47.54
7.08,165.1,142.2,201,4.099999905,844,0.8,,,,,87.24
11.08,165.1,142.2,382.7999878,0.800000012,943,1.12,,,,,78.49
12.12,165.1,142.2,410.1000061,3.799999952,1058,1.38,,,,,52.42
14.03,165.1,142.2,427.3999939,4.199999809,1137,1.39,,,,,51.02
19.15,165.1,142.2,444.3999939,3.700000048,2018,1.408,,,,,47.08
1.7,350.5,119.4,301.5,5.800000191,370,0.7,,,,,96.72
3.62,350.5,119.4,318.6000061,6.599999905,692,0.73,,,,,91.91
6.73,350.5,119.4,392.7999878,4.5,822,1.14,,,,,73.21
8.71,350.5,119.4,506.1000061,5.800000191,922,1.17,,,,,70.8
12.72,350.5,119.4,530.7999878,2.299999952,1046,1.47,,,,,49.15
14.75,350.5,119.4,547.2000122,2.599999905,1201,1.71,,,,,29.7
15.64,350.5,119.4,636.2999878,2.299999952,1232,2.45,,,,,7.18
1.7,350.5,119.4,301.5,5.800000191,370,0.72,,,,,96.72
3.62,350.5,119.4,318.6000061,6.599999905,692,0.8,,,,,88.94
6.73,350.5,119.4,392.7999878,4.5,822,1.12,,,,,75.28
8.71,350.5,119.4,506.1000061,5.800000191,922,1.24,,,,,69.89
12.72,350.5,119.4,530.7999878,2.299999952,1046,1.48,,,,,48.12
14.75,350.5,119.4,547.2000122,2.599999905,1201,1.67,,,,,30.91
15.63,350.5,119.4,636.2999878,2.299999952,1232,1.89,,,,,11.62
1.7,350.5,119.4,301.5,5.800000191,370,0.72,,,,,96.7
3.62,350.5,119.4,318.6000061,6.599999905,692,0.76,,,,,90.36
6.73,350.5,119.4,392.7999878,4.5,822,1.16,,,,,72.18
8.71,350.5,119.4,506.1000061,5.800000191,922,1.17,,,,,70.79
12.72,350.5,119.4,530.7999878,2.299999952,1046,1.36,,,,,53.38
14.75,350.5,119.4,547.2000122,2.599999905,1201,1.65,,,,,32.81
15.64,350.5,119.4,636.2999878,2.299999952,1232,1.89,,,,,15.89
13.94,368.3,165.1,507,3.5,958,0.77,,,,,90.11
18.26,368.3,165.1,529,1.5,1162,1.16,,,,,73.07
20.08,368.3,165.1,569,2.799999952,1557,1.88,,,,,13.8
21.02,368.3,165.1,569,2.799999952,1557,1.91,,,,,10.61
21.99,368.3,165.1,569,2.700000048,1557,1.98,,,,,5.23
13.94,381,137.2,507,3.5,958,0.79,,,,,89.78
18.26,381,137.2,529,1.5,1162,1.28,,,,,69.87
20.08,381,137.2,569,2.799999952,1557,1.89,,,,,12.95
21.02,381,137.2,569,2.799999952,1557,1.91,,,,,10.61
22,381,137.2,569,2.700000048,1557,2.12,,,,,4.38
13.94,398.8,162.6,507.3999939,3.5,958,0.81,,,,,89.78
18.26,398.8,162.6,528.9000244,1.5,1162,1.16,,,,,71.22
20.08,398.8,162.6,569,2.799999952,1557,1.89,,,,,13.76
13.94,342.9,165.1,507,3.5,958,0.81,,,,,88.68
18.26,342.9,165.1,529,1.5,1162,1.26,,,,,68.88
13.94,353,160,507.3999939,3.5,958,0.76,,,,,93.91
18.26,353,160,528.9000244,1.5,1162,1.28,,,,,67.99
20.08,353,160,569,2.799999952,1557,1.78,,,,,15.01
21.02,353,160,569,2.799999952,1557,1.89,,,,,13.08
13.94,381,157.5,507.3999939,3.5,958,0.79,,,,,91.59
18.26,381,157.5,528.9000244,1.5,1162,1.17,,,,,70.22
20.08,381,157.5,569,2.799999952,1557,1.7,,,,,16.91
21.02,381,157.5,569,2.799999952,1557,1.89,,,,,12.08
13.94,378.5,162.6,507.3999939,3.5,958,0.72,,,,,93.48
18.26,378.5,162.6,528.9000244,1.5,1162,1.28,,,,,69.58
20.08,378.5,162.6,569,2.799999952,1557,1.78,,,,,15.01
21.02,378.5,162.6,569,2.799999952,1557,1.89,,,,,12.06
13.94,378.5,167.7,507.3999939,3.5,958,0.77,,,,,90.11
18.26,378.5,167.7,528.9000244,1.5,1162,1.28,,,,,66.16
20.08,378.5,167.7,569,2.799999952,1557,1.76,,,,,16.91
21.02,378.5,167.7,569,2.799999952,1557,1.94,,,,,14.93
13.94,342.9,180.4,507.3999939,3.5,958,0.71,,,,,92.73
18.26,342.9,180.4,528.9000244,1.5,1162,1.28,,,,,62.49
20.08,342.9,180.4,569,2.799999952,1557,1.89,,,,,12
9.14,279.4,114.3,463.1000061,2.900000095,1297,0.75,,,,,91.66
11.99,279.4,114.3,574.2999878,0,2299,1.29,,,,,62.46
13.24,327.7,180.3,491.1000061,3.2,936,1.12,,,,,79.65
14.99,327.7,180.3,515.5,3.9,1135,1.22,,,,,67.49
6.24,548.7,96.5,485.1000061,4.900000095,563,1.78,,,,,22.88
6.92,548.7,96.5,573.9000244,3.400000095,923,1.87,,,,,18.22
4.91,657.9,45.7,396.1000061,5.8,436,1.35,,,,,53.33
9.74,657.9,45.7,401.7999878,6.2,477,2.12,,,,,13.22
0.14,434.3,127,446.3999939,0,1244,0.8,24,292,65,9.1,98.45
1.04,434.3,127,347.2999878,3,1312,0.854,24,431,65,9.1,93.91
2.77,434.3,127,453.3999939,3.400000095,1476,0.85,24,436,65,9.1,91.66
3.82,434.3,127,376.2999878,2.200000048,1557,0.86,24,484,65,9.1,90.68
5.08,434.3,127,228.8999939,4,1744,0.89,24,494,65,9.1,89.78
7.79,434.3,127,444.6000061,2.299999952,1748,1.12,24,552,65,9.1,74.13
11.09,434.3,127,476.3999939,2.5,2415,1.87,24,493,65,9.1,18.17
0.14,416.6,121.9,446.3999939,0,1244,0.801,21,292,61,9.8,98.45
1.04,416.6,121.9,347.2999878,3,1312,0.835,21,431,61,9.8,95.23
2.77,416.6,121.9,453.3999939,3.400000095,1476,1.015,21,436,61,9.8,92.73
3.82,416.6,121.9,376.2999878,2.200000048,1557,1.015,21,484,61,9.8,92.73
5.08,416.6,121.9,228.8999939,4,1744,1.026,21,494,61,9.8,90.68
7.8,416.6,121.9,444.6000061,2.299999952,1748,1.21,21,552,61,9.8,61.79
11.09,416.6,121.9,476.3999939,2.5,2415,1.89,21,493,61,9.8,16.21
0.14,441.9,111.7,446.3999939,0,1244,0.731,21,292,57,9,100
1.04,441.9,111.7,347.2999878,3,1312,0.777,21,431,57,9,93.91
2.77,441.9,111.7,453.3999939,3.400000095,1476,0.79,21,436,57,9,90.68
3.82,441.9,111.7,376.2999878,2.200000048,1557,0.9,21,484,57,9,89.78
5.08,441.9,111.7,228.8999939,4,1744,0.9,21,494,57,9,89.78
7.79,441.9,111.7,444.6000061,2.299999952,1748,1.21,21,552,57,9,61.79
11.09,441.9,111.7,476.3999939,2.5,2415,1.89,21,493,57,9,16.21
0.14,431.8,129.6,446.3999939,0,1244,0.761,22,292,65,9,100
1.04,431.8,129.6,347.2999878,3,1312,0.77,22,431,65,9,95.23
2.77,431.8,129.6,453.3999939,3.400000095,1476,0.78,22,436,65,9,92.73
3.82,431.8,129.6,376.2999878,2.200000048,1557,0.79,22,484,65,9,91.66
5.08,431.8,129.6,228.8999939,4,1744,0.79,22,494,65,9,91.66
7.79,431.8,129.6,444.6000061,2.299999952,1748,1.22,22,552,65,9,60.7
11.09,431.8,129.6,476.3999939,2.5,2415,1.87,22,493,65,9,12.65
0.14,444.5,121.9,446.3999939,0,1244,0.736,22,292,62,10,100
2.77,444.5,121.9,453.3999939,3.400000095,1467,0.76,22,436,62,10,91.66
3.82,444.5,121.9,376.2999878,2.200000048,1557,0.77,22,484,62,10,90.68
5.08,444.5,121.9,228.8999939,4,1744,0.77,22,494,62,10,90.68
7.8,444.5,121.9,444.6000061,2.299999952,1748,1.36,22,552,62,10,59.58
11.09,444.5,121.9,476.3999939,2.5,2415,1.87,22,493,62,10,22.41
0.14,429.2,137.1,446.3999939,0,1244,0.7,22,292,,,98.45
2.77,429.2,137.1,453.3999939,3.400000095,1467,0.8,22,436,,,89.78
3.82,429.2,137.1,376.2999878,2.200000048,1557,0.72,22,484,,,92.64
5.08,429.2,137.1,228.8999939,4,1744,1.12,22,494,,,72.58
7.8,429.2,137.1,444.6000061,2.299999952,1748,1.36,22,552,,,59.5
11.09,429.2,137.1,476.3999939,2.5,2415,2.63,22,493,,,15.53
0.14,429.2,119.4,446.3999939,0,1244,0.7,20,292,65,11.7,98.45
2.77,429.2,119.4,453.3999939,3.400000095,1467,0.71,20,436,65,11.7,93.91
3.82,429.2,119.4,376.2999878,2.200000048,1557,0.89,20,484,65,11.7,83.19
5.08,429.2,119.4,228.8999939,4,1744,1.26,20,494,65,11.7,68.43
7.8,429.2,119.4,444.6000061,2.299999952,1748,1.38,20,552,65,11.7,58.5
11.09,429.2,119.4,476.3999939,2.5,2415,2.63,20,493,65,11.7,15.53
22.31,271.78,256.6,477.6000061,2.5,1167,1.64,,,,,35.76
27.11,271.78,256.6,527.7999878,3.799999952,1776,1.87,,,,,24.02
26.14,238.8,116.8,373.8999939,2.700000048,1142,1.15,,,,,71.2
30.96,238.8,116.8,353.5,4.199999809,1379,1.7,,,,,31.3
34.29,238.8,116.8,354.2000122,3,1487,1.68,,,,,30.55
36,238.8,116.8,406.8999939,3.099999905,1790,1.98,,,,,2.6
26.14,248.9,111.8,358,2.799999952,1134,0.883000016,,,,,79.97
30.96,248.9,111.8,358.1000061,4.199999809,1375,1.55,,,,,45.2
34.29,248.9,111.8,377,3,1480,1.64,,,,,37.5
36,248.9,111.8,406.6000061,3.200000048,1781,1.98,,,,,3.87
20.36,248.9,185.4,413.5,3,1321,1.89,,,,,19.52
21.4,248.9,185.4,497.3999939,2.700000048,1543,4.07,,,,,8.64
22.47,248.9,185.4,497.3999939,2,1543,4.08,,,,,5.74
22.78,248.9,185.4,633.4000244,2,1599,5.7,,,,,4.59
22.31,279.4,284.2,480.2000122,2.5,1169,1.71,,,,,36.65
27.11,280.4,284.2,528.9000244,3.700000048,1777,1.87,,,,,22.48
19.75,154.94,170.2,416,2.799999952,1564,1.28,,,,,60.95
20.36,154.94,170.2,633.4000244,3,1599,1.45,,,,,45.31
19.82,167.64,208.3,416,2.799999952,1564,1.35,,,,,55.15
20.36,167.64,208.3,633,3,1599,1.45,,,,,45.31
21.57,167.64,208.3,497.3999939,2.700000048,1321,1.65,,,,,31.71
22.47,167.64,208.3,497.3999939,2,1543,1.71,,,,,36.97
22.78,167.64,208.3,633.4000244,2,1543,1.91,,,,,18.08
24.76,167.64,208.3,658.4000244,1.700000048,1885,4.69,,,,,5.57
19.82,165.1,180.3,416,2.799999952,1564,1.12,,,,,75.17
20.36,165.1,180.3,633,3,1599,1.38,,,,,55.42
21.4,165.1,180.3,485.7000122,2.700000048,1321,1.38,,,,,55.1
21.57,165.1,180.3,497.3999939,2.7,1321,1.55,,,,,50.1
22.47,165.1,180.3,497,2,1543,1.35,,,,,49.3
19.82,190.5,182.9,416,2.799999952,1564,0.8,,,,,80.92
20.36,190.5,182.9,633.4000244,3,1599,1.61,,,,,47.54
19.82,160.02,185.4,416,2.799999952,1564,1.12,,,,,75.17
20.36,160.02,185.4,633,3,1599,1.34,,,,,52.49
21.57,160.02,185.4,497.3999939,2.700000048,1321,1.3,,,,,68.47
22.47,160.02,185.4,497.3999939,2,1543,1.29,,,,,64.89
22.79,160.02,185.4,633.4000244,2,1543,1.46,,,,,40.98
24.76,160.02,185.4,658.4000244,1.700000048,1885,1.98,,,,,21.75
21.08,259.1,78.7,303.2000122,2.5,1387,1.162999988,,,,,75.09
21.61,259.1,78.7,346.3999939,2.799999952,1709,1.98,,,,,20.23
22.83,259.1,78.7,475,2.700000048,1729,1.98,,,,,16.85
21.08,259.1,71.1,303,2.5,1387,1.12,,,,,72.26
21.61,259.1,71.1,346.3999939,2.8,1709,1.98,,,,,20.23
22.83,259.1,71.1,474.7000122,2.7,1729,1.98,,,,,16.85
23.72,259.1,71.1,571.5,1.9,1730,3.89,,,,,9.13
26,259.1,71.1,303.2000122,2.5,1729,4.05,,,,,9.09
29.7,259.1,71.1,572,3.2,1981,4.06,,,,,8.37
21.08,259.1,71.1,303.2000122,2.5,1387,1.13,,,,,77.05
21.61,259.1,71.1,346.3999939,2.799999952,1709,1.92,,,,,18.65
22.83,259.1,71.1,475,2.700000048,1729,3.89,,,,,8.7
23.72,259.1,71.1,572,1.899999976,1730,3.88,,,,,8.77
29.7,259.1,71.1,571.5,3.200000048,1981,3.87,,,,,9.59
21.08,259.1,86.4,303.2000122,2.5,1387,1.13,,,,,75.21
21.61,259.1,86.4,346,2.8,1709,1.92,,,,,18.65
21.08,259.1,53.3,303.2000122,2.5,1387,1.15,,,,,77.96
21.61,259.1,53.3,346,2.8,1709,1.46,,,,,44.59
21.08,259.1,78.7,303.2000122,2.5,1387,0.85,,,,,83.09
21.61,259.1,78.7,346,2.8,1709,1.97,,,,,24.61
1.56,190.5,111.8,189.8000031,19.89999962,0,1.100999951,,,,,93.91
2.04,190.5,112.8,189.8000031,19.89999962,0,1.100999951,,,,,93.91
2.27,190.5,113.8,189.8000031,19.89999962,0,1.100999951,,,,,93.91
2.52,190.5,114.8,95.40000153,20.70000076,0,1.057000041,,,,,95.23
2.67,190.5,115.8,95.40000153,20.70000076,0,1.057000041,,,,,95.23
2.94,190.5,116.8,95.40000153,20.70000076,0,1.057000041,,,,,95.23
3.04,190.5,117.8,95.40000153,20.70000076,0,1.057000041,,,,,95.23
4.44,190.5,118.8,295.8999939,18.60000038,0,1.090000033,,,,,88.32
4.45,190.5,119.8,295.8999939,18.60000038,0,1.090000033,,,,,88.89
4.72,190.5,120.8,295.8999939,18.60000038,0,1.171000004,,,,,75.24
4.86,190.5,121.8,295.8999939,18.60000038,0,1.177999973,,,,,75.97
5.23,190.5,122.8,295.8999939,18.60000038,0,1.184999943,,,,,66.31
5.55,190.5,123.8,165.1999969,19.79999924,0,1.284000039,,,,,63.94
6.45,190.5,124.8,111.1999969,20.39999962,0,1.333999991,,,,,62.76
7.76,190.5,125.8,157.3000031,20,0,2.049000025,,,,,22.26
8.34,190.5,126.8,157.3000031,20,0,2.118000031,,,,,17.1
8.66,190.5,127.8,121.6999969,19.20000076,0,2.118000031,,,,,17.01
1.54,304.8,172.7,189.8000031,19.89999962,0,0.670000017,,,,,90.68
2.04,304.8,172.7,189.8000031,19.89999962,0,0.670000017,,,,,90.68
2.27,304.8,172.7,95.40000153,19.89999962,0,0.670000017,,,,,90.68
2.52,304.8,172.7,95.40000153,20.70000076,0,0.697000027,,,,,89.89
2.67,304.8,172.7,95.40000153,20.70000076,0,0.697000027,,,,,89.51
2.94,304.8,172.7,95.40000153,20.70000076,0,0.697000027,,,,,90.28
3.04,304.8,172.7,295.8999939,20.70000076,0,0.697000027,,,,,89.89
4.44,304.8,172.7,295.8999939,18.60000038,0,0.856000006,,,,,69.24
4.72,304.8,172.7,295.8999939,18.60000038,0,0.778999984,,,,,78.51
4.87,304.8,172.7,295.8999939,18.60000038,0,0.763000011,,,,,77.96
5.23,304.8,172.7,295.8999939,18.60000038,0,0.763000011,,,,,76.3
5.54,304.8,172.7,165.1999969,19.79999924,0,0.802999973,,,,,74.78
6.45,304.8,172.7,111.1999969,20.39999962,0,1.052999973,,,,,27.6
7.76,304.8,172.7,157.3000031,20,0,1.153,,,,,17.29
8.33,304.8,172.7,157.3000031,20,0,1.153,,,,,20.89
8.66,304.8,172.7,121.6999969,19.20000076,0,1.15199995,,,,,22.97
1.54,215.9,167.6,189.8000031,19.89999962,0,0.587000012,,,,,95.23
4.44,215.9,167.6,295.8999939,18.60000038,0,0.587000012,,,,,95.23
5.53,215.9,167.6,165.1999969,19.79999924,0,0.684000015,,,,,91.59
6.45,215.9,167.6,111.1999969,20.39999962,0,0.782999992,,,,,78.99
7.75,215.9,167.6,157.3000031,20,0,0.782999992,,,,,78.08
8.65,215.9,167.6,121.6999969,19.20000076,0,1.06400001,,,,,25.29
1.55,307.3,101.6,189.8000031,19.89999962,0,0.551999986,,,,,100
4.44,307.3,101.6,295.8999939,18.60000038,0,0.566999972,,,,,91.66
5.54,307.3,101.6,165.1999969,19.79999924,0,0.717999995,,,,,84.87
6.45,307.3,101.6,111.1999969,20.39999962,0,0.737999976,,,,,78.47
7.76,307.3,101.6,157.3000031,20,0,1.014999986,,,,,53.84
8.67,307.3,101.6,121.6999969,19.20000076,0,1.151000023,,,,,54.91
1.54,208.3,188,189.8000031,19.89999962,0,0.508000016,,,,,100
4.44,208.3,188,295.8999939,18.60000038,0,0.555999994,,,,,92.73
5.53,208.3,188,165.1999969,19.79999924,0,0.555999994,,,,,92.55
6.45,208.3,188,111.1999969,20.39999962,0,0.639999986,,,,,88.68
7.75,208.3,188,157.3000031,20,0,0.712000012,,,,,84.85
8.65,208.3,188,121.6999969,19.20000076,0,0.750999987,,,,,62.01
9.71,208.3,188,183.6999969,19,0,0.750999987,,,,,62.53
10.72,208.3,188,286.7000122,18.10000038,0,0.750999987,,,,,65.31
11.69,208.3,188,298.6000061,17.89999962,0,1.04400003,,,,,59.21
12.33,208.3,188,298.6000061,17.89999962,0,1.074000001,,,,,45.17
1.55,299.7,99.1,189.8000031,19.89999962,0,0.518000007,,,,,100
4.44,299.7,99.1,295.8999939,18.60000038,0,0.782999992,,,,,91.66
5.54,299.7,99.1,165.1999969,19.79999924,0,0.833000004,,,,,84.9
6.45,299.7,99.1,111.1999969,20.39999962,0,0.90200001,,,,,72.23
7.76,299.7,99.1,157.3000031,20,0,1.54400003,,,,,35.66
1.54,221,160,189.8000031,19.89999962,0,0.964999974,,,,,75.49
4.44,221,160,295.8999939,18.60000038,0,1.411999941,,,,,44.94
1.56,302.2,101.6,189.8000031,19.89999962,0,0.873000026,,,,,92.73
4.44,302.2,101.6,295.8999939,18.60000038,0,0.976000011,,,,,87.97
5.55,302.2,101.6,165.1999969,19.79999924,0,1.041000009,,,,,70.57
6.45,302.2,101.6,111.1999969,20.39999962,0,1.164000034,,,,,22.88
7.76,302.2,101.6,157.3000031,20,0,1.128999949,,,,,21.7
8.67,302.2,101.6,121.6999969,19.20000076,0,1.18900001,,,,,5.47
1.56,406.4,104.1,189.8000031,19.89999962,0,0.713999987,,,,,92.73
4.44,406.4,104.1,295.8999939,18.60000038,0,0.98299998,,,,,53.89
5.55,406.4,104.1,165.1999969,19.79999924,0,0.98299998,,,,,53.3
6.45,406.4,104.1,111.1999969,20.39999962,0,0.958999991,,,,,14.66
7.76,406.4,104.1,157.3000031,20,0,0.939999998,,,,,12.95
8.66,406.4,104.1,121.6999969,19.20000076,0,1.277999997,,,,,4.97
1.55,358.1,106.7,189.8000031,19.89999962,0,0.617999971,,,,,91.66
4.44,358.1,106.7,295.8999939,18.60000038,0,0.660000026,,,,,92.73
5.55,358.1,106.7,165.1999969,19.79999924,0,0.862999976,,,,,83.5
6.45,358.1,106.7,111.1999969,20.39999962,0,1.371000051,,,,,22.88
7.76,358.1,106.7,157.3000031,20,0,1.332000017,,,,,17.19
8.66,358.1,106.7,121.6999969,19.20000076,0,1.337000012,,,,,22.88
1.54,297.2,172.7,189.8000031,19.89999962,0,0.589999974,,,,,92.73
4.44,297.2,172.7,295.8999939,18.60000038,0,0.63499999,,,,,88.73
5.53,297.2,172.7,165.1999969,19.79999924,0,0.949000001,,,,,24.88
6.45,297.2,172.7,111.1999969,20.39999962,0,0.981000006,,,,,22.88
7.76,297.2,172.7,157.3000031,20,0,1.230999947,,,,,17.48
1.54,401.3,170.2,189.8000031,19.89999962,0,0.523000002,,,,,92.73
4.44,401.3,170.2,295.8999939,18.60000038,0,0.523000002,,,,,92.73
5.53,401.3,170.2,165.1999969,19.79999924,0,1.164000034,,,,,24.88
6.45,401.3,170.2,111.1999969,20.39999962,0,1.164000034,,,,,22.88
7.75,401.3,170.2,157.3000031,20,0,1.164000034,,,,,23.27
8.66,401.3,170.2,121.6999969,19.20000076,0,1.164000034,,,,,22.88
9.71,401.3,170.2,183.6999969,19,0,1.164000034,,,,,22.2
10.72,401.3,170.2,286.7000122,18.10000038,0,1.710000038,,,,,20.4
11.69,401.3,170.2,298.6000061,17.89999962,0,1.710000038,,,,,20.39
12.33,401.3,170.2,298.6000061,17.89999962,0,2.167999983,,,,,17
1.56,96.5,144.8,189.8000031,19.89999962,0,1.110999942,,,,,91.66
4.44,96.5,144.8,295.8999939,18.60000038,0,1.110999942,,,,,91.3
5.55,96.5,144.8,165.1999969,19.79999924,0,1.200000048,,,,,75.39
6.46,96.5,144.8,111.1999969,20.39999962,0,1.273000002,,,,,22.88
7.76,96.5,144.8,157.3000031,20,0,1.294999957,,,,,18.27
8.67,96.5,144.8,121.6999969,19.20000076,0,1.690000057,,,,,6.38
1.56,96.5,215.9,189.8000031,19.89999962,0,1.110999942,,,,,93.91
4.44,96.5,215.9,295.8999939,18.60000038,0,1.110999942,,,,,93.91
5.55,96.5,215.9,165.1999969,19.79999924,0,1.110999942,,,,,93.91
6.46,96.5,215.9,111.1999969,20.39999962,0,1.406999946,,,,,26.88
7.76,96.5,215.9,157.3000031,20,0,1.407999992,,,,,22.93
8.66,96.5,215.9,121.6999969,19.20000076,0,1.437000036,,,,,22.95
1.56,381,25.4,189.8000031,19.89999962,0,1.054999948,,,,,80.81
4.44,381,25.4,295.8999939,18.60000038,0,1.332999945,,,,,71.18
5.55,381,25.4,165.1999969,19.79999924,0,1.715999961,,,,,56.05
1.41,101.6,238.8,183.1000061,22.79999924,0,1.032999992,,,,,89.78
4.1,101.6,238.8,151.1000061,23.10000038,0,1.032999992,,,,,89.78
5.28,101.6,238.8,152.1999969,22.10000038,0,1.065999985,,,,,21.21
1.41,101.6,226.1,183.1000061,22.79999924,0,0.741999984,,,,,89.78
4.09,101.6,226.1,151.1000061,23.10000038,0,0.741999984,,,,,89.78
5.27,101.6,226.1,152.1999969,22.10000038,0,0.867999971,,,,,63.85
6.45,101.6,226.1,212.8000031,22.70000076,0,0.935000002,,,,,56.69
8.18,101.6,226.1,157.6000061,22.5,0,0.911000013,,,,,59.4
11.2,101.6,226.1,228.8000031,23.10000038,0,0.936999977,,,,,21.12
14.43,101.6,226.1,237,22.89999962,0,1.434999943,,,,,13.42
16.31,101.6,226.1,253.6999969,22.79999924,0,2.226000071,,,,,11.86
18.4,101.6,226.1,112.9000015,23.60000038,0,2.125999928,,,,,10.36
21.2,101.6,226.1,245.8999939,23.29999924,0,2.190000057,,,,,4.69
22.21,101.6,226.1,190.6000061,23.29999924,0,2.463000059,,,,,0.46
23.21,101.6,226.1,193.8999939,23.60000038,0,2.463000059,,,,,0.46
10.95,101.6,226.1,57.79999924,24.60000038,0,2.387000084,,,,,29.9
10.71,472.4,111.7,87,22,0,2.48300004,,,,,4.51
10.71,472.4,119.4,87,22,0,1.216,,,,,23.8
12.14,472.4,119.4,133.6000061,22.20000076,0,1.217000008,,,,,21.41
14.63,472.4,119.4,194,21.20000076,0,2.388000011,,,,,6.44
10.71,472.4,104.1,87,22,0,1.157999992,,,,,1.77
12.14,472.4,104.1,133.6000061,22.20000076,0,1.315000057,,,,,0.39
10.71,472.4,106.7,87,22,0,1.555999994,,,,,4.48
12.14,472.4,106.7,133.6000061,22.20000076,0,2.325000048,,,,,2.33
14.63,472.4,106.7,194,21.20000076,0,2.631999969,,,,,9.38
1.56,101.6,175.3,188.8000031,19.89999962,0,0.510999978,0,657,14.3,8.9,96.72
4.44,101.6,175.3,295.7000122,18.60000038,0,0.510999978,0,835,14.3,8.9,96.72
5.55,101.6,175.3,165.1999969,19.79999924,0,0.751999974,0,875,14.3,8.9,93.91
8.66,101.6,175.3,122.3000031,19.20000076,0,0.751999974,0,1885,14.3,8.9,93.63
11.71,101.6,175.3,298,17.79999924,0,0.768000007,0,220,14.3,8.9,86.92
12.67,101.6,175.3,107.5,18.20000076,0,0.811999977,0,219,14.3,8.9,79.27
1.54,101.6,165.1,188.8000031,19.89999962,0,1.133999944,,,,,90.68
4.44,101.6,165.1,295.7000122,18.60000038,0,1.38499999,,,,,31.71
5.53,101.6,165.1,165.1999969,19.79999924,0,1.386999965,,,,,17.53
8.65,101.6,165.1,122.3000031,19.20000076,0,1.47300005,,,,,14.8
1.56,101.6,170.2,188.8000031,19.89999962,0,0.751999974,0,657,11.6,16.8,92.73
4.45,102.6,170.2,295.7000122,18.60000038,0,1.251000047,0,835,11.6,16.8,43.64
5.55,103.6,170.2,165.1999969,19.79999924,0,1.43900001,0,875,11.6,16.8,17.21
8.66,104.6,170.2,122.3000031,19.20000076,0,1.628999949,0,1885,11.6,16.8,12.22
11.71,105.6,170.2,298,17.79999924,0,1.715000033,0,220,11.6,16.8,10.16
12.78,106.6,170.2,107.5,18.20000076,0,1.754999995,0,219,11.6,16.8,3.6
22.56,360.7,127,210.3000031,20.89999962,0,1.57,,490,11.6,16.8,34.96
26.32,360.7,127,268,21.89999962,0,2,,471,11.6,16.8,30.01
13.48,274.3,165.1,244.8999939,21.79999924,0,1.15,,,,,84.91
16.47,274.3,165.1,190.5,22.20000076,0,2.39,,,,,53.75
15.86,228.6,152.4,687.5999756,17.89999962,0,1.3,,,,,13.91
15.62,213.4,134.6,169.5,19.10000038,0,1.36,,,,,7.82
13.97,210.82,101.6,261.2999878,17.10000038,0,0.693000019,,,,,99.16
17.48,210.82,101.6,212.3999939,18.79999924,0,0.73,,,,,97.39
19.02,210.82,101.6,100.4000015,19.5,0,0.73,,,,,90.68
21.15,210.82,101.6,339,17.60000038,0,0.54,,,,,90.68
22.32,210.82,101.6,133.8999939,19.29999924,0,0.54400003,,,,,90.68
25.3,210.82,101.6,196.1999969,18.5,2,0.62,,,,,73.27
27.55,210.82,101.6,329.2999878,17.29999924,0,0.62,,,,,68.98
30.47,210.82,101.6,223.3000031,17.20000076,0,0.62,,,,,46.11
32.3,210.82,101.6,242.6000061,17.60000038,2,0.93,,,,,36.52
34.2,210.82,101.6,166.6000061,17.79999924,6,1.3,,,,,21.01
37.12,210.82,101.6,198.1999969,18.5,1,2.51,,,,,4.42
17.61,124.5,193,199.1000061,13.30000019,23,1.12,,,,,62.36
20.86,281.9,99,32.59999847,24,0,1.88,,,,,9.51
18.61,792.5,99,240.1999969,12.89999962,23,0.80400002,,,,,87.83
21.15,792.5,99,472.8999939,11.10000038,31,0.856000006,,,,,85.05
26.97,289.6,200.7,402.3999939,18.39999962,0,1.424999952,,,,,71.2
25.95,289.6,231.2,331.5,21.70000076,0,1.03,,,,,54.42
28.07,289.6,231.2,362.6000061,20.20000076,0,1.33,,,,,36.2
20.19,299.7,106.6,172.8999939,22.89999962,0,0.76,,,,,45.86
22.89,299.7,106.6,141.6999969,23.29999924,0,0.76,,,,,38.02
24.07,299.7,106.6,154.8999939,22.10000038,0,0.78,,,,,26.7
16.91,279.4,101.6,192.1000061,22.8,0,1.18,,,,,100
17.13,279.4,101.6,192.1,22.79999924,0,1.18,,,,,100
19.72,279.4,101.6,158.1999969,23,0,1.02,,,,,93.91
20.8,279.4,101.6,143.3000031,21.70000076,0,1.03,,,,,73.46
24.04,279.4,101.6,102.4000015,21.89999962,0,1.19,,,,,46.3
26.83,279.4,101.6,273.5,22.79999924,0,1.61,,,,,4.04
16.91,279.4,101.6,192.1000061,22.8,0,1.13,,,,,100
17.13,279.4,101.6,192.1,22.79999924,0,1.13,,,,,100
19.72,279.4,101.6,158.1999969,23,0,0.879000008,,,,,93.91
20.8,279.4,101.6,143.3000031,21.70000076,0,0.870999992,,,,,91.91
24.04,279.4,101.6,102.4000015,21.89999962,0,1.4,,,,,26.27
26.82,279.4,101.6,273.5,22.79999924,0,1.68,,,,,11.37
16.91,279.4,101.6,192.1000061,22.8,0,0.94,,,,,100
17.13,279.4,101.6,192.1,22.79999924,0,0.94,,,,,100
19.72,279.4,101.6,158.1999969,23,0,0.947000027,,,,,91.66
20.8,279.4,101.6,143.3000031,21.70000076,0,0.91,,,,,92.73
24.04,279.4,101.6,102.4000015,21.89999962,0,1.04,,,,,52.76
26.82,279.4,101.6,273.5,22.79999924,0,1.94,,,,,7.36
16.91,279.4,101.6,192.1000061,22.79999924,0,0.949000001,,,,,93.92
16.91,279.4,101.6,192.1000061,22.8,0,0.96,,,,,100
17.13,279.4,101.6,192.1,22.79999924,0,0.96,,,,,100
19.72,279.4,101.6,158.1999969,23,0,0.703999996,,,,,93.91
20.8,279.4,101.6,143.3000031,21.70000076,0,0.731000006,,,,,95.23
16.91,279.4,101.6,192.1000061,22.8,0,1.02,,,,,100
17.13,279.4,101.6,192.1,22.79999924,0,1.02,,,,,100
19.72,279.4,101.6,158.1999969,23,0,0.83,,,,,93.91
20.8,279.4,101.6,143.3000031,21.70000076,0,0.84,,,,,95.23
24.03,279.4,101.6,102.4000015,21.89999962,0,0.85799998,,,,,93.91
26.82,279.4,101.6,273.5,22.79999924,0,1.01,,,,,65.57
16.92,279.4,101.6,192.1000061,22.8,0,1.11,,,,,40.39
0.18,208.3,99.1,200.6999969,16.60000038,0,0.771000028,0,0,11.6,8.6,96.72
1.28,208.3,100.1,365.2000122,17.10000038,0,0.771000028,0,0,11.6,8.6,96.72
2.11,208.3,101.1,385.6000061,17.70000076,0,0.771000028,0,0,11.6,8.6,96.72
3.13,208.3,102.1,247.3000031,17.20000076,0,0.771000028,0,0,11.6,8.6,96.72
4.25,208.3,103.1,212.6999969,17.60000038,0,0.771000028,0,0,11.6,8.6,96.72
5.29,208.3,104.1,290.2999878,17.39999962,0,0.771000028,0,0,11.6,8.6,96.72
7.76,208.3,105.1,149.5,17.5,0,1.356999993,0,0,11.6,8.6,22.24
9.17,208.3,106.1,159.8000031,17.5,0,1.356999993,0,0,11.6,8.6,22.24
10.3,208.3,107.1,258.5,17.5,0,1.356999993,0,25,11.6,8.6,22.24
12.22,208.3,108.1,315.5,16.39999962,0,1.356999993,0,0,11.6,8.6,20.24
13.22,208.3,109.1,260.1000061,17.60000038,0,1.322999954,0,0,11.6,8.6,19.92
15.12,208.3,110.1,308.6000061,18.29999924,0,1.322999954,0,0,11.6,8.6,19.5
16.21,208.3,111.1,179.1999969,17.70000076,0,1.322999954,0,0,11.6,8.6,19.5
17.2,208.3,112.1,400.3999939,18.39999962,0,1.322999954,0,0,11.6,8.6,19.5
19.55,208.3,113.1,396.5,17.60000038,0,1.353000045,0,0,11.6,8.6,18.24
20.89,208.3,114.1,144.3999939,18,0,1.353000045,0,0,11.6,8.6,18.24
0.18,307.3,172.7,200.6999969,16.60000038,0,0.783999979,0,0,10.4,12,98.45
1.28,307.3,173.7,365.2000122,17.10000038,0,0.819999993,0,0,10.4,12,96.72
2.11,307.3,174.7,385.6000061,17.70000076,0,0.819999993,0,0,10.4,12,96.72
3.13,307.3,175.7,247.3000031,17.20000076,0,0.819999993,0,0,10.4,12,96.72
4.25,307.3,176.7,212.6999969,17.60000038,0,0.819999993,0,0,10.4,12,96.72
5.29,307.3,177.7,290.2999878,17.39999962,0,0.971000016,0,0,10.4,12,95.23
7.77,307.3,178.7,149.5,17.5,0,1.173,0,0,10.4,12,22.24
9.17,307.3,179.7,159.8000031,17.5,0,1.173,0,0,10.4,12,22.24
10.3,307.3,180.7,258.5,17.5,0,1.173,0,25,10.4,12,22.24
12.22,307.3,181.7,315.5,16.39999962,0,1.236999989,0,0,10.4,12,20.24
13.22,307.3,182.7,260.1000061,17.60000038,0,1.236999989,0,0,10.4,12,20.24
15.12,307.3,183.7,308.6000061,18.29999924,0,1.236999989,0,0,10.4,12,20.24
16.21,307.3,184.7,179.1999969,17.70000076,0,1.162999988,0,0,10.4,12,19.5
17.2,307.3,185.7,400.3999939,18.39999962,0,1.162999988,0,0,10.4,12,19.5
19.55,307.3,186.7,396.5,17.60000038,0,1.256999969,0,0,10.4,12,18.24
20.89,307.3,187.7,144.3999939,18,0,1.256999969,0,0,10.4,12,18.24
26.34,640.1,127,155.1999969,19.70000076,0,2,,,,,90.68
28.42,640.1,127,74.30000305,19.89999962,0,1.32,,,,,75.49
30.28,640.1,127,72.59999847,20.70000076,0,1.628000021,,,,,73.73
30.41,640.1,127,72.6,20.70000076,0,1.628000021,,,,,73.73
26.34,670.5,139.7,155.1999969,19.70000076,0,1.75,,,,,93.91
28.42,670.5,139.7,74.30000305,19.89999962,0,0.97,,,,,91.66
30.28,670.5,139.7,72.59999847,20.70000076,0,1.1,,,,,89.78
30.41,670.5,139.7,72.6,20.7,0,1.1,,,,,90.68
31.78,670.5,139.7,149.1,18.6,0,1.34,,,,,88.94
26.34,693.5,142.2,155.1999969,19.70000076,0,1.7,,,,,100
28.43,693.5,142.2,74.30000305,19.89999962,0,0.755999982,,,,,89.78
30.28,693.5,142.2,72.59999847,20.70000076,0,1.05,,,,,74.58
30.42,693.5,142.2,72.6,20.7,0,0.959999979,,,,,86.15
31.78,693.5,142.2,149.1,18.60000038,0,1.406999946,,,,,73.15
11.8,355.6,111.8,358,19.20000076,0,0.908999979,,,,,81.9
14.33,614.7,104.1,613.5999756,14.5,0,1.32,0,,11.3,,49.74
17,614.7,104.1,442.5,14.60000038,0,1.63,0,,11.3,,51.15
18,614.7,104.1,840.4000244,15.60000038,0,1.77,0,,11.3,,45.68
23.43,299.7,119.4,186.3999939,18.10000038,0,1.42,4,,31.3,19.5,79.8
26.89,299.7,119.4,377.2000122,17,2,1.63,4,,31.3,19.5,61.12
28.83,299.7,119.4,132.1999969,18,0,1.68,4,,31.3,19.5,55.7
31.67,299.7,119.4,155.5,18.70000076,0,1.65,4,,31.3,19.5,12.64
33.8,299.7,119.4,210,18.20000076,0,1.71,4,,31.3,19.5,9.69
16,221,96.5,436.3999939,24.39999962,0,1.529000044,0,248,2.7,5.3,98.45
17.98,221,96.5,438.2999878,24.10000038,0,1.506000042,0,223,2.7,5.3,98.45
20.09,221,96.5,398.1000061,24.39999962,0,1.45599997,0,193,2.7,5.3,98.45
21.97,221,96.5,758.4000244,24.39999962,0,1.51699996,0,375,2.7,5.3,98.45
24.1,221,96.5,322.2000122,23.5,0,1.483999968,0,504,2.7,5.3,95.64
26.55,221,96.5,431.2999878,23.79999924,0,1.422000051,0,572,2.7,5.3,93.68
28.02,221,96.5,355,23.70000076,0,1.59,0,433,2.7,5.3,68.93
10.34,152.4,198.1,137.3999939,11,63,1.527,,,,,25.25
14.41,152.4,198.1,307.2000122,11.60000038,27,2.062,,,,,4.21
16.41,152.4,198.1,162.3999939,11.5,69,3.165,,,,,2.68
10.34,322.6,210.8,137.3999939,11,63,1.011,,,,,70.26
13.24,322.6,210.8,158.8000031,11.19999981,61,1.802,,,,,29.28
14.41,322.6,210.8,307.2000122,11.60000038,27,1.812,,,,,15.2
16.17,322.6,210.8,162.3999939,11.5,69,2.076,,,,,5.32
10.34,284.5,205.7,137.3999939,11,63,1.528,,,,,59.35
14.41,284.5,205.7,307.2000122,11.19999981,61,2.552999973,,,,,14.04
16.17,284.5,205.7,162.3999939,11.5,69,2.552999973,,,,,14.1
10.34,284.5,213.4,137.3999939,11,63,1.349,,,,,34.45
14.41,284.5,213.4,307.2000122,11.19999981,61,1.571,,,,,2.91
16.17,284.5,213.4,162.3999939,11.5,69,3.554,,,,,1.73
10.34,317.5,228.6,137.3999939,11,63,1.23,,,,,61.89
13.24,317.5,228.6,158.8000031,11.19999981,61,1.481,,,,,35.11
14.41,317.5,228.6,307.2000122,11.60000038,27,1.601,,,,,24.8
16.17,317.5,228.6,162.3999939,11.5,69,1.601,,,,,24.11
10.34,279.4,269.2,137.3999939,11,63,1.25,,,,,80.56
10.34,256.6,297.1,137.3999939,11,63,1.21,,,,,85.62
10.29,119.4,177.8,131.6000061,13.80000019,43,1.05,,,,,39.13
13.02,119.4,177.8,149.8000031,13.5,76,1.2,,,,,11.32
14.03,119.4,177.8,201.1000061,12.69999981,71,1.54,,,,,16.96
1.5,355.6,188,324,15.80000019,25,0.56,,,,,92.73
3.38,355.6,188,277.6000061,15.89999962,0,0.606,,,,,91.66
4.56,355.6,188,297.2999878,16.5,2,0.712,,,,,89.82
5.72,355.6,188,182.1000061,16.5,13,0.83,,,,,87.44
6.5,355.6,188,210.6999969,16.79999924,1,0.854,,,,,84.6
7.56,355.6,188,147.6000061,17.20000076,2,1.091,,,,,68.96
8.38,355.6,188,323.7999878,16,9,1.115,,,,,65.17
9.45,355.6,188,269.2999878,16.60000038,3,1.615,,,,,22.88
10.41,355.6,188,397.7999878,16.29999924,3,1.615,,,,,22.88
1.5,462.3,152.4,324,15.80000019,25,0.676,,,,,92.73
3.38,462.3,152.4,277.6000061,15.89999962,0,0.676,,,,,92.73
4.56,462.3,152.4,297.2999878,16.5,2,0.829,,,,,89.66
5.72,462.3,152.4,182.1000061,16.5,13,1.008,,,,,82.57
6.5,462.3,152.4,210.6999969,16.79999924,1,1.082,,,,,76.32
7.56,462.3,152.4,147.6000061,17.20000076,2,1.263,,,,,62.2
8.38,462.3,152.4,323.7999878,16,9,1.417,,,,,57.56
1.5,330.2,134.6,324,15.80000019,25,0.644,,,,,92.73
3.38,330.2,134.6,277.6000061,15.89999962,0,0.772,,,,,91.66
4.56,330.2,134.6,297.2999878,16.5,2,0.772,,,,,91.66
5.72,330.2,134.6,182.1000061,16.5,13,0.772,,,,,91.66
6.5,330.2,134.6,210.6999969,16.79999924,1,1.29,,,,,89.66
7.56,330.2,134.6,147.6000061,17.20000076,2,1.328,,,,,88.61
8.38,330.2,134.6,323.7999878,16,9,1.795,,,,,82.85
9.45,330.2,134.6,269.2999878,16.60000038,3,1.921,,,,,61.81
10.41,330.2,134.6,397.7999878,16.29999924,3,1.921,,,,,61.81
1.5,431.8,213.3,324,15.80000019,25,0.578,,,,,91.66
3.38,431.8,213.3,277.6000061,15.89999962,0,0.667,,,,,90.68
4.56,431.8,213.3,297.2999878,16.5,2,0.667,,,,,90.68
5.72,431.8,213.3,182.1000061,16.5,13,0.667,,,,,90.68
6.5,431.8,213.3,210.6999969,16.79999924,1,0.667,,,,,90.03
7.56,431.8,213.3,147.6000061,17.20000076,2,0.842,,,,,89.51
8.38,431.8,213.3,323.7999878,16,9,1.012,,,,,88.84
9.45,431.8,213.3,269.2999878,16.60000038,3,1.047,,,,,68.55
10.41,431.8,213.3,397.7999878,16.29999924,3,1.047,,,,,68.55
1.5,355.6,147.3,324,15.80000019,25,0.563,,,,,91.66
3.39,355.6,147.3,277.6000061,15.89999962,0,0.563,,,,,91.66
4.56,355.6,147.3,297.2999878,16.5,2,0.632,,,,,90.87
5.72,355.6,147.3,182.1000061,16.5,13,0.697,,,,,89.66
6.5,355.6,147.3,210.6999969,16.79999924,1,0.88,,,,,85.72
7.56,355.6,147.3,147.6000061,17.20000076,2,0.901,,,,,83.66
8.38,355.6,147.3,323.7999878,16,9,1.04,,,,,70.59
9.45,355.6,147.3,269.2999878,16.60000038,3,1.125,,,,,52.13
10.41,355.6,147.3,397.7999878,16.29999924,3,1.132,,,,,49.41
1.5,464.8,198.1,324,15.80000019,25,0.78,,,,,92.73
3.39,464.8,198.1,277.6000061,15.89999962,0,0.78,,,,,92.73
4.56,464.8,198.1,297.2999878,16.5,2,0.826,,,,,90.68
5.72,464.8,198.1,182.1000061,16.5,13,0.826,,,,,90.68
6.5,464.8,198.1,210.6999969,16.79999924,1,0.826,,,,,90.68
7.56,464.8,198.1,147.6000061,17.20000076,2,0.826,,,,,90.68
8.38,464.8,198.1,323.7999878,16,9,1.071,,,,,88.68
9.45,464.8,198.1,269.2999878,16.60000038,3,1.117,,,,,63.81
10.41,464.8,198.1,397.7999878,16.29999924,3,1.117,,,,,63.81
1.5,431.8,198.1,324,15.80000019,25,0.586,,,,,93.91
3.39,431.8,198.1,277.6000061,15.89999962,0,0.702,,,,,92.73
4.56,431.8,198.1,297.2999878,16.5,2,0.702,,,,,92.73
5.72,431.8,198.1,182.1000061,16.5,13,0.84,,,,,91.66
6.5,431.8,198.1,210.6999969,16.79999924,1,0.844,,,,,90.64
7.56,431.8,198.1,147.6000061,17.20000076,2,0.844,,,,,90.64
8.38,431.8,198.1,323.7999878,16,9,1.019,,,,,78.87
9.45,431.8,198.1,269.2999878,16.60000038,3,1.064,,,,,60.81
10.41,431.8,198.1,397.7999878,16.29999924,3,1.064,,,,,60.26
1.5,353.1,152.4,324,15.80000019,25,0.662,,,,,92.73
3.39,353.1,152.4,277.6000061,15.89999962,0,0.662,,,,,92.73
4.56,353.1,152.4,297.2999878,16.5,2,0.835,,,,,88.68
5.72,353.1,152.4,182.1000061,16.5,13,0.835,,,,,88.68
6.5,353.1,152.4,210.6999969,16.79999924,1,0.91,,,,,83.46
7.56,353.1,152.4,147.6000061,17.20000076,2,1.195,,,,,76.15
8.38,353.1,152.4,323.7999878,16,9,1.351,,,,,61.39
9.45,353.1,152.4,269.2999878,16.60000038,3,1.603,,,,,48.4
10.41,353.1,152.4,397.7999878,16.29999924,3,1.615,,,,,47.62
1.5,548.6,205.8,324,15.80000019,25,0.604,,,,,91.66
3.39,548.6,205.8,277.6000061,15.89999962,0,0.604,,,,,91.66
4.56,548.6,205.8,297.2999878,16.5,2,0.645,,,,,90.68
5.72,548.6,205.8,182.1000061,16.5,13,0.645,,,,,90.68
6.5,548.6,205.8,210.6999969,16.79999924,1,0.645,,,,,90.68
7.56,548.6,205.8,147.6000061,17.20000076,2,0.645,,,,,90.68
8.39,548.6,205.8,323.7999878,16,9,0.645,,,,,90.68
9.45,548.6,205.8,269.2999878,16.60000038,3,0.645,,,,,90.63
10.41,548.6,205.8,397.7999878,16.29999924,3,1.141,,,,,66.85
1.5,360.6,203.2,324,15.80000019,25,0.601,,,,,92.73
3.39,360.6,203.2,277.6000061,15.89999962,0,0.601,,,,,92.73
4.56,360.6,203.2,297.2999878,16.5,2,0.61,,,,,91.66
5.72,360.6,203.2,182.1000061,16.5,13,0.614,,,,,90.68
6.5,360.6,203.2,210.6999969,16.79999924,1,0.614,,,,,90.68
7.56,360.6,203.2,147.6000061,17.20000076,2,0.702,,,,,89.78
8.39,360.6,203.2,323.7999878,16,9,0.702,,,,,89.78
9.45,360.6,203.2,269.2999878,16.60000038,3,0.881,,,,,65.81
10.41,360.6,203.2,397.7999878,16.29999924,3,0.881,,,,,65.81
1.5,441.9,127,324,15.80000019,25,0.529,,,,,92.73
3.39,441.9,127,277.6000061,15.89999962,0,0.529,,,,,92.73
4.56,441.9,127,297.2999878,16.5,2,0.592,,,,,91.66
5.72,441.9,127,182.1000061,16.5,13,0.592,,,,,91.66
6.5,441.9,127,210.6999969,16.79999924,1,0.724,,,,,90.68
7.56,441.9,127,147.6000061,17.20000076,2,0.724,,,,,90.68
8.39,441.9,127,323.7999878,16,9,0.724,,,,,90.68
9.45,441.9,127,269.2999878,16.60000038,3,0.874,,,,,79.94
10.41,441.9,127,397.7999878,16.29999924,3,0.894,,,,,78.05
1.5,533.4,137.2,324,15.80000019,25,0.667,,,,,92.73
3.39,533.4,137.2,277.6000061,15.89999962,0,0.874,,,,,91.66
4.56,533.4,137.2,297.2999878,16.5,2,0.874,,,,,91.66
5.72,533.4,137.2,182.1000061,16.5,13,0.874,,,,,91.66
6.5,533.4,137.2,210.6999969,16.79999924,1,0.874,,,,,91.66
7.56,533.4,137.2,147.6000061,17.20000076,2,0.874,,,,,91.66
8.39,533.4,137.2,323.7999878,16,9,0.874,,,,,91.34
9.45,533.4,137.2,269.2999878,16.60000038,3,0.874,,,,,91.26
10.41,533.4,137.2,397.7999878,16.29999924,3,1.023,,,,,89.82
8.83,165.1,185.4,536.5999756,15.5,12,0.963,,,,,81
11.72,165.1,185.4,257.2000122,16.60000038,10,1.055,,,,,64.73
12.91,165.1,185.4,217,16.70000076,5,1.171,,,,,47.75
14.92,165.1,185.4,493.3999939,14.80000019,95,1.694,,,,,25.78
16.8,165.1,185.4,381.2999878,16,5,1.71,,,,,13.02
4.6,162.6,157.5,549.7000122,15.89999962,8,0.748,4,15,,18.9,92.73
1.71,162.6,157.5,275.2000122,17.29999924,8,0.748,4,459,,18.9,92.73
1.02,162.6,157.5,275.2000122,17.29999924,8,0.748,4,459,,18.9,92.73
0.52,162.6,157.5,354.2000122,16.60000038,15,0.748,4,37,,18.9,92.73
0.35,162.6,157.5,354.2000122,16.60000038,15,0.748,4,37,,18.9,92.73
1.07,162.6,157.5,322.1000061,17.10000038,42,0.748,4,55,,18.9,92.73
1.49,162.6,157.5,596.5,16.70000076,54,0.748,4,490,,18.9,92.73
1.86,162.6,157.5,596.5,16.70000076,54,0.748,4,490,,18.9,92.73
3.37,162.6,157.5,331.3999939,17.70000076,3,0.748,4,381,,18.9,92.68
4.26,162.6,157.5,343.3999939,17.70000076,12,0.856,4,239,,18.9,82.39
6.53,162.6,157.5,473.6000061,16.89999962,5,0.949,4,45,,18.9,79.19
7.73,162.6,157.5,185.6999969,18,2,1.033,4,49,,18.9,78.04
9.04,162.6,157.5,816.2000122,16.79999924,24,1.166,4,139,,18.9,75.77
31.02,304.8,208.3,273.8999939,16.39999962,6,0.479000002,,,,,84.6
33.62,304.8,208.3,306.8999939,16.20000076,0,0.532000005,,,,,70.98
35,304.8,208.3,317.2000122,16.39999962,1,0.59,,,,,44.83
36.02,304.8,208.3,226.8000031,15.89999962,6,0.560000002,,,,,55.84
36.95,304.8,208.3,227.3000031,16.29999924,3,0.560000002,,,,,50.08
37.99,304.8,208.3,179.6999969,16.79999924,8,1.1,,,,,32.94
2.18,246.4,106.7,304.2000122,16.10000038,0,1.161000013,17,0,49.9,18.6,93.73
3.56,246.4,106.7,321.2000122,16.39999962,1,1.14,17,0,49.9,18.6,94.21
4.58,246.4,106.7,226.8000031,15.89999962,6,1.1,17,0,49.9,18.6,35.15
4.71,246.4,106.7,226.8000031,15.89999962,6,1.16,17,0,49.9,18.6,69.95
5.5,246.4,106.7,230.3000031,16.20000076,3,1.152999997,17,0,49.9,18.6,69.54
6.55,246.4,106.7,178.6000061,16.79999924,8,1.169999957,17,0,49.9,18.6,67.2
7.38,246.4,106.7,371.8999939,15.60000038,6,1.25,17,0,49.9,18.6,56.68
8.44,246.4,106.7,255.8000031,16.39999962,2,1.309999943,17,0,49.9,18.6,54.93
9.41,246.4,106.7,370.1000061,15.89999962,3,1.33,17,0,49.9,18.6,53.31
12.93,246.4,106.7,185.8000031,16.79999924,0,1.38,17,0,49.9,18.6,51.34
15.8,246.4,106.7,287.8999939,16.89999962,0,1.503000021,17,0,49.9,18.6,42.7
16.43,246.4,106.7,257,15.69999981,33,1.51,17,0,49.9,18.6,27.82
17.52,246.4,106.7,279.3999939,16.29999924,1,1.518000007,17,0,49.9,18.6,21.68
19.44,246.4,106.7,296.2999878,15.69999981,4,1.536999941,17,0,49.9,18.6,20.1
22.41,246.4,106.7,407,15.10000038,8,1.549000025,17,0,49.9,18.6,12.46
23.72,246.4,106.7,161.1000061,15.69999981,4,1.511000037,17,0,49.9,18.6,13.56
2.18,322.6,177.8,304.2000122,16.10000038,0,1.174000025,28,0,49.8,15.2,95.23
3.56,322.6,177.8,321.2000122,16.39999962,1,1.15,28,0,49.8,15.2,94.21
4.58,322.6,177.8,226.8000031,15.89999962,6,1.27,28,0,49.8,15.2,75.93
4.71,322.6,177.8,226.8000031,15.89999962,6,1.355000019,28,0,49.8,15.2,60.59
5.5,322.6,177.8,230.3000031,16.20000076,3,1.472000003,28,0,49.8,15.2,57.06
6.55,322.6,177.8,178.6000061,16.79999924,8,1.47,28,0,49.8,15.2,51.29
7.38,322.6,177.8,371.8999939,15.60000038,6,1.51699996,28,0,49.8,15.2,46.14
8.44,322.6,177.8,255.8000031,16.39999962,2,1.55,28,0,49.8,15.2,44.9
9.41,322.6,177.8,370.1000061,15.89999962,3,1.58,28,0,49.8,15.2,41.89
12.93,322.6,177.8,185.8000031,16.79999924,0,1.58,28,0,49.8,15.2,35.8
15.8,322.6,177.8,287.8999939,16.89999962,0,1.55,28,0,49.8,15.2,25.5
16.43,322.6,177.8,257,15.69999981,33,1.56,28,0,49.8,15.2,24.6
17.52,322.6,177.8,279.3999939,16.29999924,1,1.5,28,0,49.8,15.2,8.59
19.44,322.6,177.8,296.2999878,15.69999981,4,1.53,28,0,49.8,15.2,8.4
22.41,322.6,177.8,407,15.10000038,8,1.59,28,0,49.8,15.2,6.9
23.72,322.6,177.8,161.1000061,15.69999981,4,1.59,28,0,49.8,15.2,6.7
7.49,210.8,221,505.3999939,11,82,0.536000013,,,,,72.18
10.38,210.8,221,429.1000061,11.89999962,68,0.677999973,,,,,73.73
13.59,210.8,221,468.1000061,11.19999981,185,0.68900001,,,,,71.47
15.47,210.8,221,321.8999939,11.69999981,30,0.69,,,,,70.79
18.61,210.8,221,198.1000061,12.39999962,78,0.675999999,,,,,70.15
21.52,210.8,221,357.2000122,12.39999962,57,0.921000004,,,,,57.7
26.01,210.8,221,287.7000122,11.89999962,75,0.92,,,,,52.79
11.24,645.2,119.4,726.5,14.10000038,55,1.179999948,,,,,70.51
14.14,645.2,119.4,465.2000122,15.30000019,27,1.263000011,,,,,54.44
17.34,645.2,119.4,577.4000244,13.80000019,144,1.432000041,,,,,21.66
19.22,645.2,119.4,494.3999939,15.30000019,17,1.6,,,,,4.74
21.66,645.2,119.4,376.2000122,15.69999981,42,1.75,,,,,2.3
28.73,386.1,200.6,338.5,11.39999962,86,1.437999964,,,,,61.4
31.93,386.1,200.6,433.1000061,10.80000019,165,1.89,,,,,10.98
20.83,302.3,208.3,272.2000122,10.80000019,69,0.734000027,3,328,,13,68.27
23.73,302.3,208.3,340.2000122,11.60000038,77,1.404000044,3,4322,,13,47.26
26.93,302.3,208.3,441.7999878,11,157,2.717000008,3,5336,,13,32.56
28.68,302.3,208.3,293.2000122,11.60000038,56,3.28,3,1966,,13,5.45
5.61,424.2,25.4,578.2000122,12.60000038,133,1.065,,,,,92.73
6.61,425.2,25.4,544.9000244,12.39999962,116,1.053,,,,,93.91
7.55,426.2,25.4,509.7999878,11.89999962,210,1.131,,,,,91.91
9.78,427.2,25.4,391.7000122,12.89999962,125,1.152,,,,,83.85
11.54,428.2,25.4,513.2999878,12.19999981,212,1.212,,,,,70.21
13.82,429.2,25.4,407.5,13.5,53,1.779,,,,,32.44
14.6,430.2,25.4,475.1000061,13.80000019,99,1.815,,,,,34.19
21.54,792.5,218.4,584.4000244,14.10000038,49,2.150000095,,,,,51.06
23.39,792.5,218.4,505,13.80000019,80,2.444000006,,,,,45.46
25.7,792.5,218.4,434.3999939,14.30000019,55,3.01,,,,,36.45
27.46,792.5,218.4,641.5,13.5,129,4.125999928,,,,,35.85
14.02,792.5,137.1,551.7000122,15.60000038,29,1.77,,,,,71.97
15.69,792.5,137.1,281.3999939,15.19999981,45,1.8,,,,,47.53
17.75,792.5,137.1,625.0999756,15.80000019,35,1.82,,,,,26.46
19.62,792.5,137.1,526.9000244,15.10000038,79,2.099999905,,,,,26.96
21.62,792.5,137.1,486.7999878,16.60000038,6,2.31,,,,,11.07
14.54,792.5,61,337.7999878,17.89999962,1,1.468000054,,,,,78.62
15.04,792.5,61,344.8999939,17.29999924,0,1.593999982,,,,,79.32
17.12,792.5,61,233.5,18.39999962,0,1.725999951,,,,,69.15
19.45,792.5,61,192.8999939,18.79999924,0,1.74,,,,,65.76
21.04,792.5,61,294.8999939,17.89999962,14,2.301000118,,,,,62.68
23.12,792.5,61,185.3000031,18.70000076,0,2.348999977,,,,,29.29
25.38,792.5,61,110.6999969,18.70000076,0,2.32,,,,,26.36
18.87,127,251.4,749.9000244,13.69999981,58,2.628000021,,,,,35.17
20.81,127,251.4,398.1000061,13.69999981,78,2.980000019,,,,,24.56
23.03,127,251.4,345.8999939,14.60000038,54,2.967999935,,,,,18.11
24.79,127,251.4,555.2000122,13.39999962,153,3.84100008,,,,,8.7
26.89,127,251.4,476.5,14.89999962,20,3.85,,,,,8.55
29.6,127,251.4,342.2999878,14.69999981,79,3.86,,,,,5.52
29.2,335.3,101.6,580.5999756,13.89999962,58,1.967000008,6,363,,17.4,66.52
30.87,335.3,101.6,391.2999878,13.89999962,62,2.174000025,6,358,,17.4,60.05
26.45,340.4,152.4,545.5,13.80000019,70,1.055999994,,,,,74.69
28.12,340.4,152.4,407.3999939,13.69999981,68,1.098999977,,,,,71.33
30.17,340.4,152.4,371.6000061,14.19999981,58,1.549000025,,,,,60.25
32.05,340.4,152.4,607.0999756,13.39999962,154,1.437999964,,,,,63.72
34.04,340.4,152.4,559.9000244,14.60000038,20,1.56,,,,,55.18
35.77,340.4,152.4,432.2999878,14.69999981,53,1.524999976,,,,,58.23
38.32,340.4,152.4,299.8999939,14.5,46,1.718999982,,,,,59.54
13.54,213.4,53.4,337.8,17.9,1,1.32,,,,,95.14
14.54,213.4,53.4,337.7999878,17.89999962,1,1.409999967,,,,,77.44
13.54,213.4,55.9,337.8,17.9,1,1.31,,,,,77.62
13.54,213.4,50.8,337.8,17.9,1,1.56,,,,,67.65
14.54,213.4,50.8,337.7999878,17.89999962,1,1.557999969,,,,,67.24
15.04,213.4,50.8,344.8999939,17.29999924,0,1.654999971,,,,,66.67
17.12,213.4,50.8,233.5,18.39999962,0,1.980999947,,,,,64.47
19.45,213.4,50.8,192.8999939,18.79999924,0,2.00999999,,,,,65.59
21.04,213.4,50.8,294.8999939,17.89999962,14,2.943000078,,,,,66.09
23.12,213.4,50.8,185.3000031,17.89999962,14,3,,,,,64.75
25.38,213.4,50.8,110.6999969,18.70000076,0,3.2,,,,,51.01
13.54,213.4,50.8,337.8,17.9,1,1.48,,306,,,71.25
14.54,213.4,50.8,337.7999878,17.89999962,1,1.496999979,,89,,,68.28
15.04,213.4,50.8,344.8999939,17.29999924,0,1.508999944,,180,,,67.81
17.12,213.4,50.8,233.5,18.39999962,0,1.824000001,,112,,,70.24
19.45,213.4,50.8,192.8999939,18.79999924,0,2,,319,,,67.4
21.04,213.4,50.8,294.8999939,17.89999962,14,3.142999887,,376,,,60.46
23.12,213.4,50.8,185.3000031,18.70000076,0,3.2,,341,,,55.89
25.38,213.4,50.8,110.6999969,18.70000076,0,3.2,,381,,,55.99
13.54,213.4,50.8,337.8,17.9,1,2,,,,,69.73
12.46,147.3,139.7,275.7000122,12.10000038,69,1.15,,,,,55.48
12.9,203.2,116.8,487.6000061,11.10000038,86,1.5,,,,,81.82
14.89,203.2,116.8,414.2999878,11.30000019,21,1.518,,,,,76.18
17.91,203.2,116.8,338.7999878,10.69999981,54,1.521,,,,,59.06
20,203.2,116.8,389.2000122,11.30000019,107,1.558,,,,,38.21
23.18,203.2,116.8,406.7999878,9.399999619,214,1.673,,,,,23.93
0.12,792.5,94,590.2999878,10.89999962,116,0.904999971,,,,,93.91
1.56,792.5,94,501.3999939,11.10000038,84,0.90200001,,,,,92.73
3.52,792.5,94,427.5,11.39999962,21,0.921000004,,,,,96.72
4.98,792.5,94,515.4000244,10.5,72,0.913999975,,,,,79.82
5.83,792.5,94,437.7999878,11,56,0.927999973,,,,,79.27
6.99,792.5,94,347.3999939,10.80000019,51,0.933000028,,,,,64.04
7.85,792.5,94,456.7999878,11.80000019,44,0.930000007,,,,,62.67
8.9,792.5,94,389.8999939,11.30000019,105,0.949000001,,,,,61.57
0.12,792.5,172.7,590.2999878,10.89999962,116,1.297999978,,,,,98.45
1.56,792.5,172.7,501.3999939,11.10000038,84,1.164000034,,,,,98.45
3.52,792.5,172.7,427.5,11.39999962,21,1.118999958,,,,,98.45
4.98,792.5,172.7,515.4000244,10.5,72,1.131999969,,,,,87.41
5.83,792.5,172.7,437.7999878,11,56,1.149999976,,,,,87.33
6.99,792.5,172.7,347.3999939,10.80000019,51,1.136999965,,,,,76.21
7.85,792.5,172.7,456.7999878,11.80000019,44,1.146999955,,,,,73.51
8.9,792.5,172.7,389.8999939,11.30000019,105,1.215000033,,,,,73.17
12.64,330.2,61,309.7000122,10.89999962,192,1.491999984,,,,,91.66
14.98,330.2,61,368,12.5,95,1.480000019,,,,,91.66
16.68,330.2,61,415.7999878,10.89999962,75,1.531999946,,,,,91.01
18.23,330.2,61,266.1000061,11.10000038,50,1.531999946,,,,,84.91
18.66,330.2,61,154.8000031,12,19,1.488000035,,,,,60.54
